timestamp,Open,High,Low,Close,Position
2022-04-20 16:50:00,0.7452,0.74534,0.74519,0.74526,BUY
2022-04-20 16:52:00,0.7453,0.7453,0.7451,0.74516,BUY
2022-04-20 16:54:00,0.7452,0.74522,0.74506,0.7452,BUY
2022-04-20 16:56:00,0.7452,0.74522,0.74493,0.74496,BUY
2022-04-20 16:58:00,0.74496,0.74496,0.74457,0.74458,BUY
2022-04-20 17:00:00,0.7446,0.7448,0.74451,0.7447,BUY
2022-04-20 17:02:00,0.74469,0.74492,0.74462,0.74472,EXIT
2022-04-20 17:04:00,0.7447,0.74502,0.74467,0.74498,EXIT
2022-04-20 17:06:00,0.74496,0.74497,0.74482,0.74494,EXIT
2022-04-20 17:08:00,0.7449,0.74491,0.74466,0.74476,BUY
2022-04-20 17:10:00,0.74477,0.74488,0.74469,0.74487,BUY
2022-04-20 17:12:00,0.74491,0.74493,0.7448,0.74483,EXIT
2022-04-20 17:14:00,0.7448,0.74486,0.74468,0.74483,BUY
2022-04-20 17:16:00,0.74483,0.74483,0.74458,0.7446,EXIT
2022-04-20 17:18:00,0.74462,0.74463,0.74446,0.74463,EXIT
2022-04-20 17:20:00,0.74462,0.7447,0.74461,0.74469,SELL
2022-04-20 17:22:00,0.74466,0.74492,0.74464,0.74479,EXIT
2022-04-20 17:24:00,0.7448,0.7448,0.74466,0.74477,EXIT
2022-04-20 17:26:00,0.74476,0.74487,0.74472,0.74486,EXIT
2022-04-20 17:28:00,0.74486,0.74497,0.74482,0.74494,EXIT
2022-04-20 17:30:00,0.74492,0.74492,0.74472,0.74479,EXIT
2022-04-20 17:32:00,0.7448,0.74482,0.7446,0.74464,EXIT
2022-04-20 17:34:00,0.74466,0.74479,0.74462,0.74466,EXIT
2022-04-20 17:36:00,0.74466,0.74476,0.74466,0.74476,EXIT
2022-04-20 17:38:00,0.74476,0.74486,0.74472,0.74479,EXIT
2022-04-20 17:40:00,0.7448,0.74496,0.74476,0.74496,EXIT
2022-04-20 17:42:00,0.74496,0.74511,0.74496,0.74506,EXIT
2022-04-20 17:44:00,0.74506,0.74518,0.74501,0.74502,EXIT
2022-04-20 17:46:00,0.74501,0.74528,0.745,0.74524,BUY
2022-04-20 17:48:00,0.74522,0.74528,0.74506,0.74506,BUY
2022-04-20 17:50:00,0.74506,0.74512,0.74496,0.745,BUY
2022-04-20 17:52:00,0.74499,0.74504,0.74488,0.74492,BUY
2022-04-20 17:54:00,0.74492,0.74501,0.74492,0.74499,BUY
2022-04-20 17:56:00,0.745,0.745,0.74491,0.74498,BUY
2022-04-20 17:58:00,0.74498,0.74516,0.74496,0.74516,BUY
2022-04-20 18:00:00,0.74516,0.74544,0.74512,0.74541,BUY
2022-04-20 18:02:00,0.74538,0.74548,0.74534,0.74537,BUY
2022-04-20 18:04:00,0.74536,0.74548,0.74528,0.74548,BUY
2022-04-20 18:06:00,0.74548,0.74554,0.74544,0.74549,BUY
2022-04-20 18:08:00,0.74548,0.74552,0.74541,0.74548,BUY
2022-04-20 18:10:00,0.74548,0.74558,0.74542,0.74558,BUY
2022-04-20 18:12:00,0.74558,0.74563,0.7455,0.7455,BUY
2022-04-20 18:14:00,0.74552,0.74556,0.74528,0.74533,BUY
2022-04-20 18:16:00,0.74533,0.74536,0.74517,0.74522,BUY
2022-04-20 18:18:00,0.7452,0.74522,0.74492,0.74492,BUY
2022-04-20 18:20:00,0.74494,0.74506,0.74483,0.74502,BUY
2022-04-20 18:22:00,0.745,0.74513,0.74498,0.74502,EXIT
2022-04-20 18:24:00,0.74502,0.74502,0.74483,0.74483,EXIT
2022-04-20 18:26:00,0.74482,0.74492,0.74478,0.74481,EXIT
2022-04-20 18:28:00,0.74482,0.74493,0.74478,0.74484,EXIT
2022-04-20 18:30:00,0.74484,0.745,0.74479,0.74494,EXIT
2022-04-20 18:32:00,0.74493,0.74499,0.74484,0.74484,EXIT
2022-04-20 18:34:00,0.7448,0.7448,0.74458,0.74458,EXIT
2022-04-20 18:36:00,0.74456,0.74464,0.74448,0.7446,EXIT
2022-04-20 18:38:00,0.74458,0.74463,0.74456,0.74462,SELL
2022-04-20 18:40:00,0.74458,0.74462,0.7444,0.74449,SELL
2022-04-20 18:42:00,0.74447,0.74452,0.74424,0.74438,SELL
2022-04-20 18:44:00,0.74438,0.74438,0.74432,0.74433,SELL
2022-04-20 18:46:00,0.74432,0.74438,0.74426,0.74426,SELL
2022-04-20 18:48:00,0.74428,0.74448,0.74427,0.74442,SELL
2022-04-20 18:50:00,0.74444,0.74446,0.74426,0.74426,SELL
2022-04-20 18:52:00,0.74429,0.74432,0.74416,0.74428,SELL
2022-04-20 18:54:00,0.74426,0.74426,0.74386,0.74388,SELL
2022-04-20 18:56:00,0.74388,0.74404,0.74378,0.74404,SELL
2022-04-20 18:58:00,0.74402,0.74412,0.74398,0.74401,SELL
2022-04-20 19:00:00,0.744,0.74428,0.74395,0.7441,SELL
2022-04-20 19:02:00,0.74408,0.74422,0.74408,0.74414,SELL
2022-04-20 19:04:00,0.74418,0.7442,0.74409,0.74412,SELL
2022-04-20 19:06:00,0.74412,0.74414,0.74402,0.74408,SELL
2022-04-20 19:08:00,0.74409,0.74413,0.74395,0.744,SELL
2022-04-20 19:10:00,0.744,0.74414,0.744,0.74407,SELL
2022-04-20 19:12:00,0.74406,0.74436,0.74406,0.74434,SELL
2022-04-20 19:14:00,0.74434,0.74442,0.74432,0.74434,SELL
2022-04-20 19:16:00,0.74435,0.74451,0.74432,0.74448,SELL
2022-04-20 19:18:00,0.74449,0.7445,0.74432,0.74436,SELL
2022-04-20 19:20:00,0.74435,0.74457,0.74434,0.74448,SELL
2022-04-20 19:22:00,0.74452,0.74462,0.74444,0.74462,SELL
2022-04-20 19:24:00,0.74465,0.74467,0.74456,0.74459,SELL
2022-04-20 19:26:00,0.7446,0.74478,0.74458,0.74468,EXIT
2022-04-20 19:28:00,0.74469,0.74473,0.74464,0.74467,EXIT
2022-04-20 19:30:00,0.74466,0.74473,0.74451,0.74463,EXIT
2022-04-20 19:32:00,0.74462,0.74462,0.74442,0.74446,EXIT
2022-04-20 19:34:00,0.74446,0.74446,0.74428,0.74428,EXIT
2022-04-20 19:36:00,0.74428,0.74439,0.74426,0.74426,EXIT
2022-04-20 19:38:00,0.74426,0.74448,0.74422,0.74432,SELL
2022-04-20 19:40:00,0.74432,0.74446,0.74432,0.74446,SELL
2022-04-20 19:42:00,0.74446,0.7446,0.74442,0.74456,SELL
2022-04-20 19:44:00,0.74457,0.74476,0.74456,0.7447,EXIT
2022-04-20 19:46:00,0.7447,0.74496,0.7447,0.74496,EXIT
2022-04-20 19:48:00,0.74496,0.74498,0.74486,0.74488,EXIT
2022-04-20 19:50:00,0.7449,0.74494,0.74471,0.74472,BUY
2022-04-20 19:52:00,0.74472,0.74472,0.74462,0.74466,BUY
2022-04-20 19:54:00,0.74466,0.74468,0.7445,0.74466,BUY
2022-04-20 19:56:00,0.74462,0.74482,0.74459,0.74482,BUY
2022-04-20 19:58:00,0.74482,0.74503,0.74482,0.74495,BUY
2022-04-20 20:00:00,0.74496,0.74499,0.74482,0.74498,BUY
2022-04-20 20:02:00,0.74498,0.74498,0.74487,0.74488,BUY
2022-04-20 20:04:00,0.7449,0.74516,0.74488,0.7449,BUY
2022-04-20 20:06:00,0.74492,0.74504,0.7449,0.74494,BUY
2022-04-20 20:08:00,0.74496,0.74499,0.74493,0.74493,BUY
2022-04-20 20:10:00,0.74492,0.74495,0.7449,0.7449,BUY
2022-04-20 20:12:00,0.7449,0.74492,0.74484,0.74487,BUY
2022-04-20 20:14:00,0.74488,0.74492,0.7448,0.74488,BUY
2022-04-20 20:16:00,0.74487,0.74487,0.74482,0.74485,BUY
2022-04-20 20:18:00,0.74485,0.74488,0.7448,0.74486,BUY
2022-04-20 20:20:00,0.74488,0.745,0.74488,0.74491,BUY
2022-04-20 20:22:00,0.74492,0.74494,0.74492,0.74492,BUY
2022-04-20 20:24:00,0.74488,0.74494,0.74486,0.74494,BUY
2022-04-20 20:26:00,0.74494,0.74494,0.74493,0.74493,BUY
2022-04-20 20:28:00,0.74493,0.74493,0.7448,0.74488,BUY
2022-04-20 20:30:00,0.74488,0.74488,0.74488,0.74488,BUY
2022-04-20 20:32:00,0.74486,0.74488,0.74486,0.74487,BUY
2022-04-20 20:34:00,0.74487,0.74488,0.7448,0.7448,BUY
2022-04-20 20:36:00,0.74482,0.74482,0.74477,0.7448,BUY
2022-04-20 20:38:00,0.74481,0.74481,0.74472,0.74476,BUY
2022-04-20 20:40:00,0.74476,0.74493,0.74476,0.74492,EXIT
2022-04-20 20:42:00,0.7449,0.7449,0.7448,0.7448,EXIT
2022-04-20 20:44:00,0.74482,0.74483,0.7448,0.7448,BUY
2022-04-20 20:46:00,0.74481,0.74486,0.74481,0.74486,EXIT
2022-04-20 20:48:00,0.74486,0.74498,0.74486,0.74489,EXIT
2022-04-20 20:50:00,0.74492,0.74502,0.74491,0.74502,EXIT
2022-04-20 20:52:00,0.74503,0.74516,0.745,0.74509,EXIT
2022-04-20 20:54:00,0.74509,0.74524,0.74509,0.74518,BUY
2022-04-20 20:56:00,0.74519,0.74522,0.74514,0.74515,BUY
2022-04-20 20:58:00,0.74516,0.74516,0.74516,0.74516,BUY
2022-04-20 21:02:00,0.74496,0.74504,0.74496,0.74496,BUY
2022-04-20 21:04:00,0.74506,0.74506,0.74496,0.74496,BUY
2022-04-20 21:06:00,0.74496,0.74503,0.74496,0.74496,BUY
2022-04-20 21:08:00,0.7449,0.74492,0.7449,0.74492,BUY
2022-04-20 21:10:00,0.74492,0.74495,0.74492,0.74495,BUY
2022-04-20 21:12:00,0.7449,0.74494,0.7449,0.74492,EXIT
2022-04-20 21:14:00,0.74492,0.74495,0.74492,0.74492,EXIT
2022-04-20 21:16:00,0.74492,0.74492,0.74492,0.74492,EXIT
2022-04-20 21:18:00,0.74492,0.74492,0.74492,0.74492,EXIT
2022-04-20 21:20:00,0.74485,0.74485,0.74468,0.7447,EXIT
2022-04-20 21:22:00,0.74474,0.74474,0.74468,0.74474,EXIT
2022-04-20 21:24:00,0.74474,0.74476,0.74469,0.74476,EXIT
2022-04-20 21:26:00,0.74474,0.74477,0.74474,0.74477,EXIT
2022-04-20 21:28:00,0.74476,0.74478,0.74476,0.74477,EXIT
2022-04-20 21:30:00,0.74477,0.74483,0.74472,0.74483,EXIT
2022-04-20 21:32:00,0.74484,0.74484,0.74484,0.74484,SELL
2022-04-20 21:34:00,0.74483,0.74502,0.74483,0.745,EXIT
2022-04-20 21:36:00,0.745,0.745,0.74494,0.74498,EXIT
2022-04-20 21:38:00,0.74492,0.74498,0.74492,0.74498,EXIT
2022-04-20 21:40:00,0.74492,0.74492,0.7449,0.7449,EXIT
2022-04-20 21:44:00,0.74494,0.74496,0.74494,0.74494,EXIT
2022-04-20 21:46:00,0.74494,0.74494,0.74494,0.74494,EXIT
2022-04-20 21:48:00,0.745,0.7451,0.745,0.7451,EXIT
2022-04-20 21:50:00,0.74506,0.74512,0.74496,0.74506,EXIT
2022-04-20 21:54:00,0.74504,0.74504,0.74496,0.745,BUY
2022-04-20 21:56:00,0.74504,0.74508,0.74502,0.74502,BUY
2022-04-20 21:58:00,0.74501,0.74517,0.74501,0.74513,BUY
2022-04-20 22:00:00,0.74513,0.74541,0.7451,0.7454,BUY
2022-04-20 22:02:00,0.7454,0.7454,0.74521,0.74521,BUY
2022-04-20 22:04:00,0.74522,0.74536,0.74518,0.74521,BUY
2022-04-20 22:06:00,0.74522,0.74523,0.74518,0.74523,BUY
2022-04-20 22:08:00,0.74524,0.74528,0.74521,0.74522,BUY
2022-04-20 22:10:00,0.74521,0.74524,0.74521,0.74522,BUY
2022-04-20 22:12:00,0.74521,0.74522,0.74508,0.74508,BUY
2022-04-20 22:14:00,0.74506,0.74506,0.74479,0.74479,BUY
2022-04-20 22:16:00,0.74482,0.74486,0.74478,0.74478,BUY
2022-04-20 22:18:00,0.74478,0.74485,0.74476,0.7448,EXIT
2022-04-20 22:20:00,0.7448,0.7449,0.7448,0.7448,EXIT
2022-04-20 22:22:00,0.7448,0.74488,0.74478,0.74482,EXIT
2022-04-20 22:24:00,0.74484,0.74497,0.74478,0.74484,SELL
2022-04-20 22:26:00,0.74487,0.74492,0.7448,0.74489,SELL
2022-04-20 22:28:00,0.7449,0.74492,0.74482,0.74488,EXIT
2022-04-20 22:30:00,0.74486,0.7449,0.74475,0.7449,EXIT
2022-04-20 22:32:00,0.74493,0.74512,0.74493,0.74507,EXIT
2022-04-20 22:34:00,0.74506,0.74518,0.74504,0.74506,EXIT
2022-04-20 22:36:00,0.74508,0.74513,0.74508,0.7451,EXIT
2022-04-20 22:38:00,0.74512,0.74514,0.7451,0.74514,EXIT
2022-04-20 22:40:00,0.74514,0.74539,0.74512,0.74539,EXIT
2022-04-20 22:42:00,0.74538,0.74544,0.74534,0.74543,BUY
2022-04-20 22:44:00,0.7454,0.7454,0.74496,0.74504,BUY
2022-04-20 22:46:00,0.74504,0.74504,0.74453,0.74467,BUY
2022-04-20 22:48:00,0.74467,0.74488,0.7444,0.74449,BUY
2022-04-20 22:50:00,0.7445,0.7449,0.7445,0.74487,EXIT
2022-04-20 22:52:00,0.74487,0.7449,0.74452,0.74453,SELL
2022-04-20 22:54:00,0.74454,0.74466,0.74441,0.74458,SELL
2022-04-20 22:56:00,0.74458,0.74468,0.74447,0.74448,SELL
2022-04-20 22:58:00,0.74449,0.7445,0.74422,0.74432,SELL
2022-04-20 23:00:00,0.74434,0.74462,0.74424,0.74442,SELL
2022-04-20 23:02:00,0.74442,0.74455,0.74436,0.74446,SELL
2022-04-20 23:04:00,0.74446,0.74466,0.74446,0.74459,SELL
2022-04-20 23:06:00,0.74458,0.7448,0.74453,0.7448,SELL
2022-04-20 23:08:00,0.74479,0.74479,0.74466,0.7447,SELL
2022-04-20 23:10:00,0.74468,0.74474,0.7446,0.7446,SELL
2022-04-20 23:12:00,0.7446,0.7446,0.74453,0.74454,SELL
2022-04-20 23:14:00,0.74455,0.74482,0.74455,0.74468,SELL
2022-04-20 23:16:00,0.74468,0.74468,0.74456,0.74464,SELL
2022-04-20 23:18:00,0.74467,0.74482,0.74466,0.74478,SELL
2022-04-20 23:20:00,0.74477,0.7448,0.74474,0.74476,SELL
2022-04-20 23:22:00,0.74476,0.74488,0.74473,0.74479,SELL
2022-04-20 23:24:00,0.74478,0.74482,0.74476,0.7448,SELL
2022-04-20 23:26:00,0.7448,0.7448,0.7447,0.7447,SELL
2022-04-20 23:28:00,0.7447,0.74482,0.74468,0.74482,SELL
2022-04-20 23:30:00,0.74482,0.74486,0.74473,0.74474,SELL
2022-04-20 23:32:00,0.74474,0.74481,0.74474,0.7448,EXIT
2022-04-20 23:34:00,0.7448,0.74486,0.74475,0.74475,SELL
2022-04-20 23:36:00,0.74473,0.74482,0.74469,0.7448,EXIT
2022-04-20 23:38:00,0.74481,0.74481,0.74473,0.7448,EXIT
2022-04-20 23:40:00,0.7448,0.74487,0.74476,0.7448,EXIT
2022-04-20 23:42:00,0.7448,0.7448,0.74468,0.74468,EXIT
2022-04-20 23:44:00,0.74468,0.74479,0.74466,0.74469,EXIT
2022-04-20 23:46:00,0.74467,0.7448,0.7446,0.74474,SELL
2022-04-20 23:48:00,0.74476,0.74478,0.74455,0.74456,EXIT
2022-04-20 23:50:00,0.74457,0.74477,0.74457,0.7447,EXIT
2022-04-20 23:52:00,0.74469,0.74484,0.74465,0.74466,SELL
2022-04-20 23:54:00,0.74465,0.74465,0.74446,0.74453,SELL
2022-04-20 23:56:00,0.74453,0.74453,0.74434,0.74448,SELL
2022-04-20 23:58:00,0.74448,0.74448,0.74441,0.74441,SELL
2022-04-21 00:00:00,0.7444,0.74453,0.74434,0.74442,SELL
2022-04-21 00:02:00,0.74444,0.74458,0.74436,0.74452,SELL
2022-04-21 00:04:00,0.74452,0.74468,0.74446,0.74457,SELL
2022-04-21 00:06:00,0.74456,0.74457,0.74426,0.74432,SELL
2022-04-21 00:08:00,0.7443,0.74434,0.74409,0.74409,SELL
2022-04-21 00:10:00,0.74411,0.74412,0.74402,0.74405,SELL
2022-04-21 00:12:00,0.74405,0.74408,0.7438,0.74406,SELL
2022-04-21 00:14:00,0.74405,0.74405,0.74368,0.74378,SELL
2022-04-21 00:16:00,0.7438,0.74382,0.74362,0.74382,SELL
2022-04-21 00:18:00,0.74382,0.74387,0.74372,0.74379,SELL
2022-04-21 00:20:00,0.7438,0.74394,0.7436,0.74362,SELL
2022-04-21 00:22:00,0.74362,0.74379,0.74362,0.74374,SELL
2022-04-21 00:24:00,0.74374,0.74384,0.7437,0.74372,SELL
2022-04-21 00:26:00,0.7437,0.74382,0.74368,0.74377,SELL
2022-04-21 00:28:00,0.74375,0.74379,0.74368,0.74377,SELL
2022-04-21 00:30:00,0.74378,0.74379,0.74364,0.74379,SELL
2022-04-21 00:32:00,0.7438,0.74392,0.74378,0.74384,SELL
2022-04-21 00:34:00,0.74382,0.74396,0.74374,0.74376,SELL
2022-04-21 00:36:00,0.74379,0.74379,0.74322,0.74334,SELL
2022-04-21 00:38:00,0.74334,0.74338,0.74324,0.7433,SELL
2022-04-21 00:40:00,0.74333,0.74357,0.74333,0.7435,SELL
2022-04-21 00:42:00,0.7435,0.7435,0.7434,0.7434,SELL
2022-04-21 00:44:00,0.74336,0.74344,0.74326,0.74344,SELL
2022-04-21 00:46:00,0.74347,0.74358,0.74328,0.74337,SELL
2022-04-21 00:48:00,0.7434,0.74342,0.74302,0.74306,SELL
2022-04-21 00:50:00,0.74306,0.74322,0.74298,0.74317,SELL
2022-04-21 00:52:00,0.74314,0.74318,0.74305,0.74314,SELL
2022-04-21 00:54:00,0.74314,0.74325,0.74284,0.743,SELL
2022-04-21 00:56:00,0.74304,0.74322,0.74286,0.74316,SELL
2022-04-21 00:58:00,0.74316,0.74326,0.74296,0.74324,SELL
2022-04-21 01:00:00,0.74326,0.74346,0.74318,0.74334,SELL
2022-04-21 01:02:00,0.74334,0.74338,0.74302,0.74315,SELL
2022-04-21 01:04:00,0.74313,0.74344,0.74304,0.74338,SELL
2022-04-21 01:06:00,0.74338,0.74345,0.7432,0.74343,SELL
2022-04-21 01:08:00,0.74342,0.74354,0.74338,0.74352,SELL
2022-04-21 01:10:00,0.74352,0.74366,0.74338,0.74364,SELL
2022-04-21 01:12:00,0.74364,0.7438,0.74354,0.7438,EXIT
2022-04-21 01:14:00,0.7438,0.74416,0.74371,0.74407,EXIT
2022-04-21 01:16:00,0.74406,0.74414,0.74389,0.74398,EXIT
2022-04-21 01:18:00,0.74396,0.744,0.74372,0.74386,EXIT
2022-04-21 01:20:00,0.74386,0.74386,0.74353,0.74354,EXIT
2022-04-21 01:22:00,0.74356,0.74372,0.74354,0.7437,EXIT
2022-04-21 01:24:00,0.7437,0.74378,0.74368,0.74375,EXIT
2022-04-21 01:26:00,0.74374,0.74375,0.74354,0.74354,EXIT
2022-04-21 01:28:00,0.74354,0.7436,0.74334,0.74334,EXIT
2022-04-21 01:30:00,0.74335,0.74335,0.74302,0.74305,EXIT
2022-04-21 01:32:00,0.74306,0.7432,0.74296,0.74296,EXIT
2022-04-21 01:34:00,0.74295,0.74327,0.74294,0.7432,EXIT
2022-04-21 01:36:00,0.74321,0.74344,0.7432,0.7433,SELL
2022-04-21 01:38:00,0.74331,0.7436,0.74323,0.7436,SELL
2022-04-21 01:40:00,0.74362,0.74371,0.7435,0.74362,SELL
2022-04-21 01:42:00,0.74361,0.74374,0.74353,0.74366,EXIT
2022-04-21 01:44:00,0.74366,0.74378,0.7436,0.74376,EXIT
2022-04-21 01:46:00,0.74374,0.74416,0.7437,0.74402,EXIT
2022-04-21 01:48:00,0.74402,0.74418,0.744,0.74412,EXIT
2022-04-21 01:50:00,0.74412,0.74412,0.74382,0.74383,EXIT
2022-04-21 01:52:00,0.74384,0.74385,0.74345,0.74351,BUY
2022-04-21 01:54:00,0.7435,0.74352,0.74311,0.74341,EXIT
2022-04-21 01:56:00,0.74342,0.74345,0.7432,0.74324,EXIT
2022-04-21 01:58:00,0.74326,0.7435,0.74322,0.74334,EXIT
2022-04-21 02:00:00,0.74336,0.74336,0.74304,0.74319,EXIT
2022-04-21 02:02:00,0.7432,0.7433,0.74314,0.74322,SELL
2022-04-21 02:04:00,0.74323,0.74338,0.7432,0.74331,SELL
2022-04-21 02:06:00,0.74334,0.7436,0.74334,0.74358,SELL
2022-04-21 02:08:00,0.74358,0.74368,0.74354,0.74362,SELL
2022-04-21 02:10:00,0.74362,0.74372,0.74345,0.74345,EXIT
2022-04-21 02:12:00,0.74344,0.74362,0.74338,0.74362,EXIT
2022-04-21 02:14:00,0.74362,0.74377,0.74354,0.74374,EXIT
2022-04-21 02:16:00,0.74376,0.74396,0.7437,0.74396,EXIT
2022-04-21 02:18:00,0.74392,0.74406,0.7439,0.74401,EXIT
2022-04-21 02:20:00,0.744,0.7442,0.74394,0.74417,BUY
2022-04-21 02:22:00,0.74417,0.7442,0.74408,0.74409,BUY
2022-04-21 02:24:00,0.74408,0.74414,0.74402,0.74408,BUY
2022-04-21 02:26:00,0.74408,0.7441,0.74402,0.74405,BUY
2022-04-21 02:28:00,0.74405,0.74406,0.7439,0.74393,BUY
2022-04-21 02:30:00,0.74392,0.74409,0.74372,0.74408,BUY
2022-04-21 02:32:00,0.74408,0.74422,0.74408,0.74422,BUY
2022-04-21 02:34:00,0.74422,0.74426,0.74408,0.74408,BUY
2022-04-21 02:36:00,0.74408,0.74415,0.74402,0.74414,BUY
2022-04-21 02:38:00,0.74412,0.74412,0.74396,0.74399,BUY
2022-04-21 02:40:00,0.74398,0.74398,0.7438,0.74384,BUY
2022-04-21 02:42:00,0.74384,0.74385,0.74374,0.74385,BUY
2022-04-21 02:44:00,0.74384,0.74384,0.74364,0.74364,BUY
2022-04-21 02:46:00,0.7436,0.74381,0.74359,0.74376,BUY
2022-04-21 02:48:00,0.74377,0.74378,0.74354,0.74354,EXIT
2022-04-21 02:50:00,0.74354,0.74373,0.74351,0.74353,EXIT
2022-04-21 02:52:00,0.74353,0.74358,0.74341,0.74358,EXIT
2022-04-21 02:54:00,0.74358,0.7436,0.74354,0.74356,EXIT
2022-04-21 02:56:00,0.74356,0.74356,0.74313,0.74319,EXIT
2022-04-21 02:58:00,0.74318,0.74335,0.74314,0.74317,EXIT
2022-04-21 03:00:00,0.7432,0.74324,0.743,0.74302,SELL
2022-04-21 03:02:00,0.74298,0.74301,0.74286,0.7429,SELL
2022-04-21 03:04:00,0.7429,0.74304,0.74288,0.74295,SELL
2022-04-21 03:06:00,0.74293,0.74302,0.74293,0.74299,SELL
2022-04-21 03:08:00,0.74297,0.74311,0.74295,0.74304,SELL
2022-04-21 03:10:00,0.74303,0.74324,0.74302,0.74323,SELL
2022-04-21 03:12:00,0.74324,0.7434,0.74324,0.74339,SELL
2022-04-21 03:14:00,0.74338,0.74344,0.74334,0.74342,SELL
2022-04-21 03:16:00,0.74341,0.74347,0.74334,0.7434,SELL
2022-04-21 03:18:00,0.7434,0.7434,0.74332,0.74334,SELL
2022-04-21 03:20:00,0.74335,0.74336,0.7431,0.74312,SELL
2022-04-21 03:22:00,0.7431,0.7432,0.74306,0.74316,SELL
2022-04-21 03:24:00,0.74316,0.74317,0.74296,0.74303,SELL
2022-04-21 03:26:00,0.74303,0.74308,0.74296,0.74306,SELL
2022-04-21 03:28:00,0.74306,0.7432,0.743,0.74318,SELL
2022-04-21 03:30:00,0.74318,0.7432,0.74297,0.74299,SELL
2022-04-21 03:32:00,0.743,0.74301,0.7425,0.7425,SELL
2022-04-21 03:34:00,0.7425,0.74266,0.7425,0.74252,SELL
2022-04-21 03:36:00,0.74252,0.74268,0.74243,0.74246,SELL
2022-04-21 03:38:00,0.74244,0.74254,0.74243,0.74252,SELL
2022-04-21 03:40:00,0.74251,0.74262,0.74249,0.74256,SELL
2022-04-21 03:42:00,0.74258,0.74269,0.74252,0.74268,SELL
2022-04-21 03:44:00,0.74268,0.7428,0.74264,0.74268,SELL
2022-04-21 03:46:00,0.74268,0.74268,0.74256,0.74262,SELL
2022-04-21 03:48:00,0.74261,0.74264,0.74246,0.74248,SELL
2022-04-21 03:50:00,0.7425,0.74264,0.74248,0.74252,SELL
2022-04-21 03:52:00,0.7425,0.7425,0.7424,0.74246,SELL
2022-04-21 03:54:00,0.74246,0.74246,0.7421,0.74224,SELL
2022-04-21 03:56:00,0.74224,0.74236,0.74222,0.74231,SELL
2022-04-21 03:58:00,0.74234,0.74269,0.74232,0.74269,SELL
2022-04-21 04:00:00,0.74269,0.74278,0.74258,0.74276,SELL
2022-04-21 04:02:00,0.7428,0.74291,0.74268,0.7429,SELL
2022-04-21 04:04:00,0.74292,0.74292,0.74271,0.7428,SELL
2022-04-21 04:06:00,0.74282,0.74292,0.74268,0.74278,EXIT
2022-04-21 04:08:00,0.74278,0.74278,0.74266,0.74269,EXIT
2022-04-21 04:10:00,0.74267,0.74276,0.74255,0.74266,EXIT
2022-04-21 04:12:00,0.74264,0.74279,0.74263,0.74276,EXIT
2022-04-21 04:14:00,0.74278,0.74297,0.74278,0.74296,EXIT
2022-04-21 04:16:00,0.74297,0.74314,0.74297,0.74313,EXIT
2022-04-21 04:18:00,0.74312,0.74314,0.74303,0.74307,EXIT
2022-04-21 04:20:00,0.74307,0.7431,0.74296,0.743,EXIT
2022-04-21 04:22:00,0.743,0.74302,0.74266,0.74267,EXIT
2022-04-21 04:24:00,0.74267,0.74267,0.74252,0.74256,EXIT
2022-04-21 04:26:00,0.74254,0.74279,0.74249,0.74276,EXIT
2022-04-21 04:28:00,0.74279,0.74301,0.74276,0.74298,EXIT
2022-04-21 04:30:00,0.74297,0.74305,0.74292,0.74305,EXIT
2022-04-21 04:32:00,0.74304,0.74321,0.74304,0.7431,EXIT
2022-04-21 04:34:00,0.74312,0.7432,0.74297,0.74298,EXIT
2022-04-21 04:36:00,0.74298,0.74308,0.74298,0.743,EXIT
2022-04-21 04:38:00,0.74303,0.74306,0.743,0.74306,EXIT
2022-04-21 04:40:00,0.74304,0.74306,0.74297,0.74304,EXIT
2022-04-21 04:42:00,0.74306,0.74332,0.74306,0.7433,EXIT
2022-04-21 04:44:00,0.7433,0.74337,0.74308,0.74308,EXIT
2022-04-21 04:46:00,0.74312,0.74314,0.743,0.7431,BUY
2022-04-21 04:48:00,0.74313,0.74328,0.74307,0.74326,BUY
2022-04-21 04:50:00,0.74326,0.74337,0.74322,0.74328,BUY
2022-04-21 04:52:00,0.74328,0.74342,0.74328,0.7434,BUY
2022-04-21 04:54:00,0.74342,0.74366,0.74338,0.74366,BUY
2022-04-21 04:56:00,0.74366,0.74376,0.74364,0.74366,BUY
2022-04-21 04:58:00,0.74362,0.74368,0.74356,0.74357,BUY
2022-04-21 05:00:00,0.74354,0.74368,0.74342,0.7435,BUY
2022-04-21 05:02:00,0.7435,0.74372,0.74346,0.74366,BUY
2022-04-21 05:04:00,0.74364,0.74382,0.74362,0.74378,BUY
2022-04-21 05:06:00,0.74381,0.74386,0.74372,0.74377,BUY
2022-04-21 05:08:00,0.74376,0.7438,0.74355,0.74355,BUY
2022-04-21 05:10:00,0.74355,0.7436,0.74334,0.74358,BUY
2022-04-21 05:12:00,0.74357,0.74366,0.74353,0.74366,BUY
2022-04-21 05:14:00,0.74365,0.74429,0.74365,0.74422,BUY
2022-04-21 05:16:00,0.7442,0.74436,0.74414,0.74424,BUY
2022-04-21 05:18:00,0.74424,0.74448,0.74422,0.74448,BUY
2022-04-21 05:20:00,0.74446,0.74463,0.7444,0.7445,BUY
2022-04-21 05:22:00,0.74451,0.74456,0.74438,0.74446,BUY
2022-04-21 05:24:00,0.74448,0.7446,0.74435,0.74441,BUY
2022-04-21 05:26:00,0.74441,0.74462,0.74438,0.74455,BUY
2022-04-21 05:28:00,0.74455,0.7446,0.74445,0.74456,BUY
2022-04-21 05:30:00,0.74456,0.74462,0.74435,0.74439,BUY
2022-04-21 05:32:00,0.74438,0.74445,0.74426,0.74431,BUY
2022-04-21 05:34:00,0.7443,0.7443,0.74394,0.74394,BUY
2022-04-21 05:36:00,0.74395,0.74406,0.74394,0.74406,BUY
2022-04-21 05:38:00,0.74406,0.74425,0.74402,0.74416,BUY
2022-04-21 05:40:00,0.74415,0.74426,0.74415,0.74416,BUY
2022-04-21 05:42:00,0.74417,0.74444,0.74417,0.74437,BUY
2022-04-21 05:44:00,0.74439,0.74446,0.7443,0.74432,BUY
2022-04-21 05:46:00,0.74432,0.74467,0.74432,0.74466,BUY
2022-04-21 05:48:00,0.74462,0.74468,0.74453,0.74466,BUY
2022-04-21 05:50:00,0.74466,0.7448,0.74455,0.74464,BUY
2022-04-21 05:52:00,0.74463,0.74467,0.74453,0.74462,BUY
2022-04-21 05:54:00,0.74462,0.74462,0.74448,0.74457,BUY
2022-04-21 05:56:00,0.74456,0.74458,0.74432,0.74432,BUY
2022-04-21 05:58:00,0.74432,0.7444,0.74414,0.74417,BUY
2022-04-21 06:00:00,0.74413,0.74464,0.74409,0.7446,BUY
2022-04-21 06:02:00,0.74463,0.74472,0.74438,0.74458,EXIT
2022-04-21 06:04:00,0.74458,0.74462,0.74428,0.74448,BUY
2022-04-21 06:06:00,0.74446,0.74446,0.74423,0.74436,BUY
2022-04-21 06:08:00,0.74438,0.7445,0.74425,0.74431,BUY
2022-04-21 06:10:00,0.74431,0.74431,0.74404,0.74424,EXIT
2022-04-21 06:12:00,0.74428,0.74428,0.74398,0.74413,EXIT
2022-04-21 06:14:00,0.74412,0.74428,0.74402,0.7441,EXIT
2022-04-21 06:16:00,0.7441,0.74429,0.7441,0.74426,EXIT
2022-04-21 06:18:00,0.74426,0.74446,0.74424,0.74443,EXIT
2022-04-21 06:20:00,0.74442,0.74443,0.74426,0.74438,EXIT
2022-04-21 06:22:00,0.74434,0.74438,0.74419,0.74419,EXIT
2022-04-21 06:24:00,0.74416,0.74416,0.74408,0.74409,EXIT
2022-04-21 06:26:00,0.74406,0.74407,0.7438,0.74399,EXIT
2022-04-21 06:28:00,0.74396,0.74424,0.74388,0.74412,EXIT
2022-04-21 06:30:00,0.74412,0.74448,0.74394,0.74394,EXIT
2022-04-21 06:32:00,0.74394,0.74399,0.74346,0.74356,EXIT
2022-04-21 06:34:00,0.74357,0.74374,0.7435,0.7437,EXIT
2022-04-21 06:36:00,0.7437,0.7437,0.74341,0.74356,EXIT
2022-04-21 06:38:00,0.74352,0.74398,0.74352,0.74396,SELL
2022-04-21 06:40:00,0.74396,0.74408,0.74385,0.74402,SELL
2022-04-21 06:42:00,0.74402,0.74432,0.744,0.74412,EXIT
2022-04-21 06:44:00,0.74413,0.74434,0.74408,0.74434,EXIT
2022-04-21 06:46:00,0.74434,0.74436,0.74412,0.74432,EXIT
2022-04-21 06:48:00,0.74432,0.74444,0.74421,0.74424,EXIT
2022-04-21 06:50:00,0.74424,0.74426,0.74396,0.74404,EXIT
2022-04-21 06:52:00,0.74408,0.74417,0.7439,0.74404,EXIT
2022-04-21 06:54:00,0.74408,0.74436,0.744,0.74412,EXIT
2022-04-21 06:56:00,0.74412,0.74446,0.74406,0.74442,EXIT
2022-04-21 06:58:00,0.74442,0.74457,0.74435,0.7445,EXIT
2022-04-21 07:00:00,0.7445,0.74456,0.74397,0.74397,EXIT
2022-04-21 07:02:00,0.74396,0.74412,0.74378,0.74396,BUY
2022-04-21 07:04:00,0.74395,0.74396,0.74354,0.74364,EXIT
2022-04-21 07:06:00,0.74363,0.74368,0.74336,0.74346,EXIT
2022-04-21 07:08:00,0.74344,0.74368,0.74338,0.74367,SELL
2022-04-21 07:10:00,0.74366,0.74386,0.74358,0.74385,SELL
2022-04-21 07:12:00,0.74384,0.74434,0.74374,0.74427,SELL
2022-04-21 07:14:00,0.74428,0.74444,0.7439,0.74444,SELL
2022-04-21 07:16:00,0.74444,0.74446,0.7441,0.7441,EXIT
2022-04-21 07:18:00,0.74406,0.74432,0.744,0.74407,EXIT
2022-04-21 07:20:00,0.74404,0.74406,0.74381,0.74398,EXIT
2022-04-21 07:22:00,0.744,0.74415,0.74389,0.74415,EXIT
2022-04-21 07:24:00,0.74415,0.74448,0.74409,0.74438,EXIT
2022-04-21 07:26:00,0.74439,0.74453,0.7443,0.74442,EXIT
2022-04-21 07:28:00,0.74444,0.74463,0.74442,0.74462,EXIT
2022-04-21 07:30:00,0.74463,0.74463,0.74442,0.74446,BUY
2022-04-21 07:32:00,0.74445,0.74452,0.74426,0.74434,BUY
2022-04-21 07:34:00,0.74434,0.74462,0.74428,0.74462,BUY
2022-04-21 07:36:00,0.74462,0.74476,0.74462,0.74476,BUY
2022-04-21 07:38:00,0.74476,0.74484,0.74464,0.74472,BUY
2022-04-21 07:40:00,0.74472,0.74498,0.74472,0.74473,BUY
2022-04-21 07:42:00,0.74474,0.7449,0.74463,0.74482,BUY
2022-04-21 07:44:00,0.74484,0.74498,0.74476,0.74496,BUY
2022-04-21 07:46:00,0.74496,0.74497,0.74472,0.7448,BUY
2022-04-21 07:48:00,0.74479,0.74506,0.74479,0.74502,BUY
2022-04-21 07:50:00,0.74502,0.74532,0.745,0.74511,BUY
2022-04-21 07:52:00,0.74512,0.7452,0.745,0.74518,BUY
2022-04-21 07:54:00,0.74517,0.74532,0.74514,0.74528,BUY
2022-04-21 07:56:00,0.74524,0.74554,0.7451,0.74548,BUY
2022-04-21 07:58:00,0.74548,0.74583,0.74544,0.74568,BUY
2022-04-21 08:00:00,0.74568,0.74574,0.7454,0.74551,BUY
2022-04-21 08:02:00,0.7455,0.7456,0.74548,0.74551,BUY
2022-04-21 08:04:00,0.7455,0.74552,0.74514,0.74514,BUY
2022-04-21 08:06:00,0.74513,0.74513,0.74466,0.74471,BUY
2022-04-21 08:08:00,0.74471,0.74491,0.74471,0.74476,BUY
2022-04-21 08:10:00,0.74475,0.74476,0.74463,0.74476,BUY
2022-04-21 08:12:00,0.74479,0.74486,0.74469,0.74476,EXIT
2022-04-21 08:14:00,0.74476,0.74508,0.74472,0.74504,EXIT
2022-04-21 08:16:00,0.74502,0.74506,0.74486,0.74498,EXIT
2022-04-21 08:18:00,0.74494,0.74521,0.74494,0.74519,BUY
2022-04-21 08:20:00,0.7452,0.74524,0.74506,0.74518,BUY
2022-04-21 08:22:00,0.7452,0.7453,0.74509,0.74526,BUY
2022-04-21 08:24:00,0.74524,0.74529,0.74499,0.74507,BUY
2022-04-21 08:26:00,0.74506,0.7452,0.74505,0.74506,BUY
2022-04-21 08:28:00,0.74506,0.74515,0.74484,0.74484,BUY
2022-04-21 08:30:00,0.74481,0.74482,0.74432,0.74432,BUY
2022-04-21 08:32:00,0.74433,0.7445,0.7443,0.74448,EXIT
2022-04-21 08:34:00,0.74452,0.74461,0.7444,0.74444,EXIT
2022-04-21 08:36:00,0.74446,0.7447,0.74446,0.74462,EXIT
2022-04-21 08:38:00,0.7446,0.7446,0.7445,0.74456,EXIT
2022-04-21 08:40:00,0.7446,0.74464,0.74454,0.74454,EXIT
2022-04-21 08:42:00,0.74452,0.7448,0.74452,0.7448,EXIT
2022-04-21 08:44:00,0.74478,0.74499,0.74474,0.74496,EXIT
2022-04-21 08:46:00,0.74496,0.7451,0.74492,0.74506,EXIT
2022-04-21 08:48:00,0.74506,0.7451,0.74496,0.74497,EXIT
2022-04-21 08:50:00,0.74498,0.74499,0.74476,0.7448,EXIT
2022-04-21 08:52:00,0.74481,0.74481,0.74468,0.74476,EXIT
2022-04-21 08:54:00,0.74478,0.74478,0.74459,0.7446,EXIT
2022-04-21 08:56:00,0.74461,0.7448,0.74459,0.74466,EXIT
2022-04-21 08:58:00,0.74466,0.74492,0.74452,0.74484,EXIT
2022-04-21 08:58:00,0.74466,0.74492,0.74452,0.74484,EXIT
2022-04-21 09:00:00,0.74486,0.7449,0.74472,0.7448,EXIT
2022-04-21 09:02:00,0.74479,0.7448,0.74452,0.74452,EXIT
2022-04-21 09:04:00,0.74448,0.7447,0.74442,0.7447,EXIT
2022-04-21 09:06:00,0.7447,0.7448,0.74464,0.74465,EXIT
2022-04-21 09:08:00,0.74464,0.74472,0.74464,0.74465,EXIT
2022-04-21 09:10:00,0.74466,0.74477,0.74464,0.74476,EXIT
2022-04-21 09:12:00,0.74476,0.74476,0.7445,0.74457,SELL
2022-04-21 09:14:00,0.74456,0.74474,0.74455,0.74474,EXIT
2022-04-21 09:16:00,0.74475,0.7449,0.74474,0.74478,SELL
2022-04-21 09:18:00,0.74478,0.74498,0.74476,0.7449,EXIT
2022-04-21 09:20:00,0.74488,0.74492,0.74476,0.74476,EXIT
2022-04-21 09:22:00,0.74477,0.74478,0.74446,0.74452,EXIT
2022-04-21 09:24:00,0.74453,0.74462,0.74453,0.7446,EXIT
2022-04-21 09:26:00,0.74458,0.74458,0.74428,0.74452,SELL
2022-04-21 09:28:00,0.74453,0.74472,0.7444,0.74468,SELL
2022-04-21 09:30:00,0.74469,0.74474,0.74466,0.74472,SELL
2022-04-21 09:32:00,0.74472,0.74472,0.74458,0.74458,SELL
2022-04-21 09:34:00,0.74457,0.74462,0.7444,0.74448,SELL
2022-04-21 09:36:00,0.74446,0.74446,0.74407,0.74411,SELL
2022-04-21 09:38:00,0.74412,0.7443,0.7441,0.7443,SELL
2022-04-21 09:40:00,0.7443,0.74435,0.74422,0.74429,SELL
2022-04-21 09:42:00,0.74432,0.74443,0.74426,0.74436,SELL
2022-04-21 09:44:00,0.74435,0.74444,0.74432,0.74443,SELL
2022-04-21 09:46:00,0.74442,0.74448,0.74417,0.74422,SELL
2022-04-21 09:48:00,0.74422,0.7444,0.74422,0.74439,SELL
2022-04-21 09:50:00,0.74441,0.74446,0.7444,0.74442,SELL
2022-04-21 09:52:00,0.74444,0.74455,0.74429,0.74432,SELL
2022-04-21 09:54:00,0.74434,0.7444,0.74421,0.74421,SELL
2022-04-21 09:56:00,0.74418,0.74431,0.74414,0.74428,SELL
2022-04-21 09:58:00,0.74428,0.74428,0.74408,0.74421,SELL
2022-04-21 10:00:00,0.7442,0.7442,0.74351,0.74368,SELL
2022-04-21 10:02:00,0.74367,0.74368,0.74348,0.74348,SELL
2022-04-21 10:04:00,0.74348,0.74388,0.74347,0.7438,SELL
2022-04-21 10:06:00,0.74378,0.74427,0.74378,0.74408,SELL
2022-04-21 10:08:00,0.74408,0.74422,0.74398,0.74415,SELL
2022-04-21 10:10:00,0.74412,0.74416,0.74404,0.74412,SELL
2022-04-21 10:12:00,0.74416,0.74436,0.74416,0.74432,SELL
2022-04-21 10:14:00,0.74431,0.7444,0.7442,0.74422,SELL
2022-04-21 10:16:00,0.74422,0.74432,0.74416,0.74424,SELL
2022-04-21 10:18:00,0.74422,0.74428,0.74408,0.74418,SELL
2022-04-21 10:20:00,0.74418,0.74446,0.74418,0.74446,SELL
2022-04-21 10:22:00,0.74449,0.74456,0.74441,0.74442,SELL
2022-04-21 10:24:00,0.74442,0.74454,0.74428,0.74433,EXIT
2022-04-21 10:26:00,0.74432,0.74432,0.74419,0.74422,EXIT
2022-04-21 10:28:00,0.74423,0.7443,0.74422,0.7443,EXIT
2022-04-21 10:30:00,0.74431,0.7445,0.74429,0.74444,SELL
2022-04-21 10:32:00,0.74444,0.74445,0.74425,0.7443,SELL
2022-04-21 10:34:00,0.74431,0.74442,0.74422,0.74441,EXIT
2022-04-21 10:36:00,0.74438,0.74453,0.74438,0.7445,EXIT
2022-04-21 10:38:00,0.74452,0.74463,0.7445,0.74454,EXIT
2022-04-21 10:40:00,0.74454,0.74454,0.74436,0.74437,EXIT
2022-04-21 10:42:00,0.74436,0.74454,0.74432,0.74449,EXIT
2022-04-21 10:44:00,0.7445,0.74458,0.74449,0.74453,EXIT
2022-04-21 10:46:00,0.74454,0.74466,0.74454,0.74463,EXIT
2022-04-21 10:48:00,0.74464,0.74464,0.74448,0.74448,EXIT
2022-04-21 10:50:00,0.7445,0.74456,0.74432,0.74436,BUY
2022-04-21 10:52:00,0.74436,0.74442,0.74432,0.74436,EXIT
2022-04-21 10:54:00,0.74436,0.74451,0.74436,0.74444,EXIT
2022-04-21 10:56:00,0.74444,0.7445,0.74436,0.74438,EXIT
2022-04-21 10:58:00,0.7444,0.74464,0.7444,0.74451,EXIT
2022-04-21 11:00:00,0.74452,0.74456,0.74436,0.74438,EXIT
2022-04-21 11:02:00,0.7444,0.74444,0.74408,0.74408,EXIT
2022-04-21 11:04:00,0.74408,0.74408,0.7439,0.74394,EXIT
2022-04-21 11:06:00,0.74394,0.74394,0.74346,0.74362,SELL
2022-04-21 11:08:00,0.74362,0.74377,0.74356,0.74361,SELL
2022-04-21 11:10:00,0.74365,0.74365,0.74334,0.7434,SELL
2022-04-21 11:12:00,0.74336,0.7434,0.74316,0.7433,SELL
2022-04-21 11:14:00,0.74328,0.74348,0.74324,0.74348,SELL
2022-04-21 11:16:00,0.7435,0.74358,0.7434,0.74354,SELL
2022-04-21 11:18:00,0.74354,0.74358,0.74336,0.7434,SELL
2022-04-21 11:20:00,0.7434,0.74357,0.7433,0.74356,SELL
2022-04-21 11:22:00,0.74356,0.74357,0.74312,0.74312,SELL
2022-04-21 11:24:00,0.74312,0.74327,0.74302,0.74327,SELL
2022-04-21 11:26:00,0.74328,0.74358,0.74324,0.74342,SELL
2022-04-21 11:28:00,0.74343,0.74348,0.74338,0.74344,SELL
2022-04-21 11:30:00,0.74344,0.74362,0.74342,0.74362,SELL
2022-04-21 11:32:00,0.74362,0.74368,0.74348,0.74358,SELL
2022-04-21 11:34:00,0.7436,0.74364,0.74348,0.74351,SELL
2022-04-21 11:36:00,0.7435,0.74354,0.74331,0.74352,SELL
2022-04-21 11:38:00,0.74351,0.74351,0.74326,0.74331,SELL
2022-04-21 11:40:00,0.74331,0.74338,0.74313,0.74316,SELL
2022-04-21 11:42:00,0.74316,0.74326,0.74312,0.74317,SELL
2022-04-21 11:44:00,0.74318,0.74327,0.74304,0.74306,SELL
2022-04-21 11:46:00,0.74306,0.74314,0.74296,0.74297,SELL
2022-04-21 11:48:00,0.74294,0.74315,0.74289,0.74315,SELL
2022-04-21 11:50:00,0.74317,0.74328,0.74305,0.74315,SELL
2022-04-21 11:52:00,0.74315,0.74317,0.74304,0.74305,SELL
2022-04-21 11:54:00,0.74302,0.74302,0.74273,0.74278,SELL
2022-04-21 11:56:00,0.7428,0.7429,0.7427,0.7428,SELL
2022-04-21 11:58:00,0.7428,0.7428,0.7426,0.74264,SELL
2022-04-21 12:00:00,0.74262,0.74296,0.74252,0.74296,SELL
2022-04-21 12:02:00,0.74296,0.74308,0.74291,0.74298,SELL
2022-04-21 12:04:00,0.74298,0.74299,0.74276,0.74286,SELL
2022-04-21 12:06:00,0.74287,0.74297,0.74282,0.74286,SELL
2022-04-21 12:08:00,0.74284,0.7429,0.7427,0.74287,SELL
2022-04-21 12:10:00,0.74286,0.7429,0.74273,0.74273,SELL
2022-04-21 12:12:00,0.74274,0.74279,0.74266,0.74279,SELL
2022-04-21 12:14:00,0.74278,0.743,0.74278,0.74284,SELL
2022-04-21 12:16:00,0.74284,0.74296,0.74278,0.74278,SELL
2022-04-21 12:18:00,0.7428,0.743,0.74278,0.74289,SELL
2022-04-21 12:20:00,0.7429,0.74302,0.74266,0.74266,SELL
2022-04-21 12:22:00,0.74266,0.74278,0.74258,0.7426,SELL
2022-04-21 12:24:00,0.74259,0.74284,0.74258,0.74282,SELL
2022-04-21 12:26:00,0.74284,0.74284,0.74266,0.74268,SELL
2022-04-21 12:28:00,0.74268,0.74272,0.74257,0.7427,SELL
2022-04-21 12:30:00,0.74269,0.74279,0.74263,0.74269,SELL
2022-04-21 12:32:00,0.74269,0.74284,0.74252,0.74255,SELL
2022-04-21 12:34:00,0.74256,0.74294,0.74254,0.74284,SELL
2022-04-21 12:36:00,0.74283,0.74332,0.74279,0.74332,SELL
2022-04-21 12:38:00,0.74334,0.74366,0.7433,0.74364,SELL
2022-04-21 12:40:00,0.74361,0.74374,0.74352,0.74358,EXIT
2022-04-21 12:42:00,0.7436,0.7437,0.74352,0.74368,EXIT
2022-04-21 12:44:00,0.74368,0.7437,0.74348,0.74348,EXIT
2022-04-21 12:46:00,0.74348,0.74355,0.74338,0.74348,EXIT
2022-04-21 12:48:00,0.74348,0.74357,0.74339,0.74341,EXIT
2022-04-21 12:50:00,0.74344,0.74345,0.74317,0.7433,EXIT
2022-04-21 12:52:00,0.7433,0.74345,0.7432,0.74338,EXIT
2022-04-21 12:54:00,0.7434,0.74344,0.74324,0.74332,EXIT
2022-04-21 12:56:00,0.74331,0.74334,0.74306,0.74309,EXIT
2022-04-21 12:58:00,0.7431,0.74326,0.743,0.7431,EXIT
2022-04-21 13:00:00,0.74311,0.74329,0.74305,0.74305,EXIT
2022-04-21 13:02:00,0.74308,0.7431,0.74297,0.74304,EXIT
2022-04-21 13:04:00,0.74305,0.74325,0.74304,0.74324,EXIT
2022-04-21 13:06:00,0.74328,0.74358,0.74327,0.74344,EXIT
2022-04-21 13:08:00,0.74342,0.74348,0.74327,0.74334,EXIT
2022-04-21 13:10:00,0.74334,0.74368,0.74332,0.7435,BUY
2022-04-21 13:12:00,0.7435,0.74386,0.74348,0.74386,EXIT
2022-04-21 13:14:00,0.74388,0.74389,0.7437,0.7438,BUY
2022-04-21 13:16:00,0.7438,0.74382,0.74366,0.74374,BUY
2022-04-21 13:18:00,0.74374,0.74378,0.7435,0.74354,BUY
2022-04-21 13:20:00,0.7435,0.74351,0.74322,0.74342,BUY
2022-04-21 13:22:00,0.74345,0.7436,0.74342,0.74346,BUY
2022-04-21 13:24:00,0.74348,0.7438,0.74347,0.74366,BUY
2022-04-21 13:26:00,0.74369,0.74392,0.74354,0.74378,BUY
2022-04-21 13:28:00,0.74378,0.74378,0.74361,0.74365,BUY
2022-04-21 13:30:00,0.74366,0.74366,0.7434,0.74346,BUY
2022-04-21 13:32:00,0.7435,0.7435,0.74323,0.74343,BUY
2022-04-21 13:34:00,0.74343,0.74348,0.74318,0.74332,BUY
2022-04-21 13:36:00,0.74332,0.74336,0.74273,0.74273,BUY
2022-04-21 13:38:00,0.74274,0.74282,0.74245,0.74254,EXIT
2022-04-21 13:40:00,0.74258,0.74296,0.74258,0.74296,SELL
2022-04-21 13:42:00,0.74295,0.74314,0.74289,0.74314,SELL
2022-04-21 13:44:00,0.74312,0.74312,0.74262,0.74264,SELL
2022-04-21 13:46:00,0.74264,0.74264,0.74239,0.74256,SELL
2022-04-21 13:48:00,0.74259,0.74275,0.74244,0.74258,SELL
2022-04-21 13:50:00,0.74259,0.74284,0.74259,0.74266,SELL
2022-04-21 13:52:00,0.74263,0.74268,0.74243,0.74254,SELL
2022-04-21 13:54:00,0.74254,0.74268,0.7424,0.74242,SELL
2022-04-21 13:56:00,0.74242,0.74242,0.7416,0.74179,SELL
2022-04-21 13:58:00,0.74175,0.74188,0.7416,0.74186,SELL
2022-04-21 14:00:00,0.74188,0.74216,0.74172,0.742,SELL
2022-04-21 14:02:00,0.742,0.74218,0.74194,0.74204,SELL
2022-04-21 14:04:00,0.74206,0.74222,0.74193,0.74198,SELL
2022-04-21 14:06:00,0.74196,0.742,0.74158,0.74164,SELL
2022-04-21 14:08:00,0.74164,0.74188,0.74161,0.74178,SELL
2022-04-21 14:10:00,0.74176,0.74214,0.74176,0.7421,SELL
2022-04-21 14:12:00,0.74208,0.74213,0.74167,0.74173,SELL
2022-04-21 14:14:00,0.74172,0.74218,0.74169,0.74218,SELL
2022-04-21 14:16:00,0.74218,0.74224,0.74195,0.742,SELL
2022-04-21 14:18:00,0.74202,0.74221,0.74164,0.74166,SELL
2022-04-21 14:20:00,0.74167,0.74182,0.74158,0.74178,SELL
2022-04-21 14:22:00,0.74178,0.74178,0.74144,0.74151,SELL
2022-04-21 14:24:00,0.74151,0.74162,0.7414,0.74154,SELL
2022-04-21 14:26:00,0.74154,0.74154,0.7412,0.74142,SELL
2022-04-21 14:28:00,0.74143,0.74164,0.74133,0.74148,SELL
2022-04-21 14:30:00,0.74148,0.7416,0.74133,0.74135,SELL
2022-04-21 14:32:00,0.74134,0.74143,0.7413,0.74133,SELL
2022-04-21 14:34:00,0.74134,0.74134,0.74117,0.74119,SELL
2022-04-21 14:36:00,0.74116,0.74124,0.74104,0.74111,SELL
2022-04-21 14:38:00,0.7411,0.74118,0.741,0.74118,SELL
2022-04-21 14:40:00,0.74115,0.74115,0.74058,0.74076,SELL
2022-04-21 14:42:00,0.74075,0.74102,0.74074,0.74096,SELL
2022-04-21 14:44:00,0.74092,0.74114,0.7409,0.74098,SELL
2022-04-21 14:46:00,0.74097,0.74097,0.7405,0.74054,SELL
2022-04-21 14:48:00,0.74055,0.74062,0.74041,0.74042,SELL
2022-04-21 14:50:00,0.74041,0.74043,0.7401,0.74027,SELL
2022-04-21 14:52:00,0.74028,0.74031,0.73996,0.73997,SELL
2022-04-21 14:54:00,0.73997,0.74004,0.73992,0.73996,SELL
2022-04-21 14:56:00,0.73994,0.7401,0.73988,0.73992,SELL
2022-04-21 14:58:00,0.73994,0.73995,0.73971,0.73974,SELL
2022-04-21 15:00:00,0.73974,0.73984,0.73958,0.73965,SELL
2022-04-21 15:02:00,0.73962,0.7397,0.73949,0.73952,SELL
2022-04-21 15:04:00,0.73954,0.73964,0.7389,0.73916,SELL
2022-04-21 15:06:00,0.73914,0.73942,0.73907,0.7393,SELL
2022-04-21 15:08:00,0.73931,0.73974,0.73931,0.73944,SELL
2022-04-21 15:10:00,0.73943,0.73979,0.73942,0.73975,SELL
2022-04-21 15:12:00,0.73974,0.73976,0.7396,0.73972,SELL
2022-04-21 15:14:00,0.73972,0.73972,0.73933,0.73938,SELL
2022-04-21 15:16:00,0.73938,0.73963,0.7393,0.73945,SELL
2022-04-21 15:18:00,0.73945,0.73945,0.73916,0.7392,SELL
2022-04-21 15:20:00,0.73919,0.73934,0.73843,0.73865,SELL
2022-04-21 15:22:00,0.73869,0.73879,0.73832,0.73839,SELL
2022-04-21 15:24:00,0.73838,0.73866,0.73838,0.7385,SELL
2022-04-21 15:26:00,0.73848,0.73879,0.73846,0.73876,SELL
2022-04-21 15:28:00,0.73878,0.73878,0.73856,0.73867,SELL
2022-04-21 15:30:00,0.73867,0.73886,0.7386,0.73864,SELL
2022-04-21 15:32:00,0.73864,0.73868,0.7381,0.73823,SELL
2022-04-21 15:34:00,0.73822,0.73853,0.73819,0.73838,SELL
2022-04-21 15:36:00,0.7384,0.73843,0.73812,0.73813,SELL
2022-04-21 15:38:00,0.7381,0.73818,0.73802,0.73808,SELL
2022-04-21 15:40:00,0.73808,0.73822,0.738,0.73805,SELL
2022-04-21 15:42:00,0.73806,0.73806,0.7375,0.73768,SELL
2022-04-21 15:44:00,0.73767,0.73772,0.73738,0.73753,SELL
2022-04-21 15:46:00,0.73752,0.73758,0.73732,0.73737,SELL
2022-04-21 15:48:00,0.7374,0.73762,0.73736,0.73762,SELL
2022-04-21 15:50:00,0.73762,0.73772,0.73746,0.73769,SELL
2022-04-21 15:52:00,0.73768,0.73798,0.7376,0.73772,SELL
2022-04-21 15:54:00,0.73774,0.73774,0.73748,0.73748,SELL
2022-04-21 15:56:00,0.73748,0.73749,0.7373,0.73744,SELL
2022-04-21 15:58:00,0.73742,0.73769,0.73736,0.7376,SELL
2022-04-21 16:00:00,0.7376,0.73765,0.73746,0.73764,SELL
2022-04-21 16:02:00,0.73768,0.73785,0.73758,0.73758,SELL
2022-04-21 16:04:00,0.73754,0.73784,0.73752,0.73784,SELL
2022-04-21 16:06:00,0.73784,0.73788,0.73764,0.73764,SELL
2022-04-21 16:08:00,0.73764,0.7377,0.73736,0.73752,SELL
2022-04-21 16:10:00,0.73753,0.7376,0.7374,0.73754,SELL
2022-04-21 16:12:00,0.73756,0.73756,0.73729,0.73735,SELL
2022-04-21 16:14:00,0.73734,0.73738,0.7373,0.73733,SELL
2022-04-21 16:16:00,0.73734,0.73738,0.73713,0.73723,SELL
2022-04-21 16:18:00,0.73722,0.73738,0.73722,0.73729,SELL
2022-04-21 16:20:00,0.73728,0.73766,0.73727,0.73748,SELL
2022-04-21 16:22:00,0.73748,0.73748,0.73724,0.73724,SELL
2022-04-21 16:24:00,0.73723,0.7373,0.737,0.73708,SELL
2022-04-21 16:26:00,0.73708,0.73724,0.73702,0.73723,SELL
2022-04-21 16:28:00,0.73724,0.73738,0.73718,0.73718,SELL
2022-04-21 16:30:00,0.73721,0.73729,0.73713,0.73728,SELL
2022-04-21 16:32:00,0.73728,0.73742,0.73726,0.73734,SELL
2022-04-21 16:34:00,0.73736,0.73774,0.73736,0.73758,SELL
2022-04-21 16:36:00,0.73758,0.73758,0.73742,0.73748,SELL
2022-04-21 16:38:00,0.73748,0.73768,0.73748,0.7376,SELL
2022-04-21 16:40:00,0.73763,0.7378,0.73754,0.73778,SELL
2022-04-21 16:42:00,0.73778,0.73788,0.73763,0.73774,EXIT
2022-04-21 16:44:00,0.73773,0.73773,0.73741,0.73742,EXIT
2022-04-21 16:46:00,0.73741,0.73769,0.73724,0.73766,EXIT
2022-04-21 16:48:00,0.73764,0.73764,0.73734,0.73734,EXIT
2022-04-21 16:50:00,0.73734,0.73734,0.73692,0.73692,EXIT
2022-04-21 16:52:00,0.73694,0.737,0.7367,0.73688,EXIT
2022-04-21 16:54:00,0.73687,0.73703,0.7368,0.737,SELL
2022-04-21 16:56:00,0.737,0.73704,0.7369,0.737,SELL
2022-04-21 16:58:00,0.73699,0.73706,0.73687,0.73694,SELL
2022-04-21 17:00:00,0.73694,0.73702,0.73676,0.73686,SELL
2022-04-21 17:02:00,0.73686,0.73708,0.73686,0.73703,SELL
2022-04-21 17:04:00,0.73702,0.73712,0.73666,0.73666,SELL
2022-04-21 17:06:00,0.73669,0.73676,0.73661,0.73676,SELL
2022-04-21 17:08:00,0.73676,0.73682,0.73668,0.73682,SELL
2022-04-21 17:10:00,0.73682,0.73712,0.7368,0.73711,SELL
2022-04-21 17:12:00,0.7371,0.73732,0.73707,0.73732,SELL
2022-04-21 17:14:00,0.73732,0.73739,0.73714,0.73716,SELL
2022-04-21 17:16:00,0.73716,0.73723,0.7365,0.73692,EXIT
2022-04-21 17:18:00,0.73692,0.73701,0.73666,0.73696,SELL
2022-04-21 17:20:00,0.73693,0.7379,0.73686,0.7378,SELL
2022-04-21 17:22:00,0.73778,0.73784,0.73754,0.73782,SELL
2022-04-21 17:24:00,0.73781,0.73788,0.73744,0.73744,EXIT
2022-04-21 17:26:00,0.73743,0.73754,0.73716,0.73733,EXIT
2022-04-21 17:28:00,0.73732,0.73782,0.73732,0.73778,EXIT
2022-04-21 17:30:00,0.73778,0.73794,0.7376,0.73794,EXIT
2022-04-21 17:32:00,0.73795,0.73798,0.7376,0.73777,EXIT
2022-04-21 17:34:00,0.73775,0.73775,0.73729,0.73748,EXIT
2022-04-21 17:36:00,0.73747,0.73758,0.73718,0.73751,EXIT
2022-04-21 17:38:00,0.7375,0.73758,0.73726,0.7374,EXIT
2022-04-21 17:40:00,0.7374,0.73764,0.73726,0.73734,EXIT
2022-04-21 17:42:00,0.73738,0.73738,0.73715,0.73729,EXIT
2022-04-21 17:44:00,0.73728,0.73734,0.73694,0.73714,EXIT
2022-04-21 17:46:00,0.73716,0.73736,0.73709,0.73725,EXIT
2022-04-21 17:48:00,0.73726,0.73764,0.73726,0.73752,EXIT
2022-04-21 17:50:00,0.73752,0.73754,0.73732,0.73742,EXIT
2022-04-21 17:52:00,0.73744,0.73753,0.73732,0.73752,EXIT
2022-04-21 17:54:00,0.7375,0.73754,0.73728,0.73745,EXIT
2022-04-21 17:56:00,0.73746,0.73776,0.73738,0.73742,EXIT
2022-04-21 17:58:00,0.73739,0.73748,0.73712,0.73712,EXIT
2022-04-21 18:00:00,0.73712,0.73716,0.7369,0.73701,EXIT
2022-04-21 18:02:00,0.737,0.73712,0.73692,0.73694,EXIT
2022-04-21 18:04:00,0.73693,0.737,0.73679,0.737,SELL
2022-04-21 18:06:00,0.73696,0.73702,0.73664,0.73664,SELL
2022-04-21 18:08:00,0.73662,0.73693,0.73654,0.73665,SELL
2022-04-21 18:10:00,0.73664,0.73676,0.73656,0.7366,SELL
2022-04-21 18:12:00,0.7366,0.73668,0.73658,0.73664,SELL
2022-04-21 18:14:00,0.73668,0.73676,0.73658,0.73664,SELL
2022-04-21 18:16:00,0.7366,0.7367,0.73652,0.73666,SELL
2022-04-21 18:18:00,0.73664,0.73675,0.7365,0.73653,SELL
2022-04-21 18:20:00,0.73653,0.73675,0.73651,0.73668,SELL
2022-04-21 18:22:00,0.73668,0.73674,0.73656,0.73666,SELL
2022-04-21 18:24:00,0.73666,0.73675,0.73655,0.73674,SELL
2022-04-21 18:26:00,0.73675,0.73678,0.73664,0.73675,SELL
2022-04-21 18:28:00,0.73675,0.73681,0.73658,0.73658,SELL
2022-04-21 18:30:00,0.73658,0.73696,0.7365,0.73696,SELL
2022-04-21 18:32:00,0.73696,0.737,0.73683,0.73689,SELL
2022-04-21 18:34:00,0.7369,0.7373,0.73685,0.7373,SELL
2022-04-21 18:36:00,0.73729,0.73734,0.73712,0.73714,SELL
2022-04-21 18:38:00,0.73712,0.73714,0.73684,0.73684,EXIT
2022-04-21 18:40:00,0.73687,0.73694,0.73683,0.73692,EXIT
2022-04-21 18:42:00,0.73696,0.73703,0.73684,0.73695,EXIT
2022-04-21 18:44:00,0.73694,0.73694,0.73673,0.7368,EXIT
2022-04-21 18:46:00,0.73679,0.73694,0.73676,0.73692,EXIT
2022-04-21 18:48:00,0.7369,0.737,0.73676,0.7368,SELL
2022-04-21 18:50:00,0.7368,0.7368,0.73664,0.73677,EXIT
2022-04-21 18:52:00,0.73676,0.73704,0.73676,0.73704,SELL
2022-04-21 18:54:00,0.73704,0.73708,0.7369,0.73694,SELL
2022-04-21 18:56:00,0.73693,0.73718,0.73693,0.73706,EXIT
2022-04-21 18:58:00,0.73706,0.73714,0.73686,0.73701,EXIT
2022-04-21 19:00:00,0.73701,0.73701,0.73658,0.73682,EXIT
2022-04-21 19:02:00,0.73684,0.73702,0.73683,0.73692,EXIT
2022-04-21 19:04:00,0.73692,0.73708,0.73688,0.73708,EXIT
2022-04-21 19:06:00,0.73704,0.73711,0.73702,0.73704,EXIT
2022-04-21 19:08:00,0.73702,0.73708,0.73698,0.73699,EXIT
2022-04-21 19:10:00,0.73703,0.73713,0.73688,0.73704,EXIT
2022-04-21 19:12:00,0.73702,0.73713,0.73692,0.73694,EXIT
2022-04-21 19:14:00,0.73693,0.73693,0.73666,0.7368,EXIT
2022-04-21 19:16:00,0.73682,0.73704,0.73677,0.7369,EXIT
2022-04-21 19:18:00,0.73692,0.7371,0.73692,0.73706,EXIT
2022-04-21 19:20:00,0.73706,0.73709,0.73698,0.737,EXIT
2022-04-21 19:22:00,0.73698,0.7372,0.73698,0.7372,EXIT
2022-04-21 19:24:00,0.73721,0.73738,0.73713,0.73736,EXIT
2022-04-21 19:26:00,0.73736,0.73744,0.7372,0.73733,EXIT
2022-04-21 19:28:00,0.73732,0.73776,0.73724,0.73766,BUY
2022-04-21 19:30:00,0.73767,0.73767,0.73747,0.73752,BUY
2022-04-21 19:32:00,0.73752,0.73757,0.73742,0.73754,BUY
2022-04-21 19:34:00,0.73757,0.73757,0.73712,0.7373,BUY
2022-04-21 19:36:00,0.73729,0.73734,0.7371,0.7371,BUY
2022-04-21 19:38:00,0.73711,0.73752,0.73706,0.73742,BUY
2022-04-21 19:40:00,0.73743,0.73753,0.73741,0.73745,BUY
2022-04-21 19:42:00,0.73744,0.73754,0.7374,0.73748,BUY
2022-04-21 19:44:00,0.73748,0.7375,0.73728,0.7374,BUY
2022-04-21 19:46:00,0.7374,0.7374,0.73714,0.73732,BUY
2022-04-21 19:48:00,0.73736,0.73742,0.73714,0.73731,BUY
2022-04-21 19:50:00,0.73733,0.7375,0.7373,0.73738,BUY
2022-04-21 19:52:00,0.73738,0.73757,0.73736,0.73739,BUY
2022-04-21 19:54:00,0.7374,0.73744,0.7373,0.7374,BUY
2022-04-21 19:56:00,0.7374,0.73742,0.7373,0.73742,BUY
2022-04-21 19:58:00,0.73742,0.73751,0.73739,0.73744,BUY
2022-04-21 20:00:00,0.73746,0.73748,0.73724,0.73732,BUY
2022-04-21 20:02:00,0.73732,0.73737,0.73729,0.73734,BUY
2022-04-21 20:04:00,0.73736,0.73736,0.73707,0.73724,BUY
2022-04-21 20:06:00,0.73726,0.7373,0.7372,0.73722,BUY
2022-04-21 20:08:00,0.73723,0.73729,0.73718,0.73723,EXIT
2022-04-21 20:10:00,0.73724,0.73729,0.73715,0.73723,EXIT
2022-04-21 20:12:00,0.73723,0.73746,0.7372,0.73734,EXIT
2022-04-21 20:14:00,0.73736,0.73774,0.73732,0.73773,EXIT
2022-04-21 20:16:00,0.73771,0.73772,0.73752,0.73752,BUY
2022-04-21 20:18:00,0.73752,0.73775,0.73748,0.73772,BUY
2022-04-21 20:20:00,0.7377,0.7377,0.73752,0.73758,BUY
2022-04-21 20:22:00,0.7376,0.73762,0.73752,0.73753,BUY
2022-04-21 20:24:00,0.73753,0.7376,0.73753,0.7376,BUY
2022-04-21 20:26:00,0.7376,0.73764,0.73754,0.73754,BUY
2022-04-21 20:28:00,0.73755,0.73762,0.73748,0.7376,BUY
2022-04-21 20:30:00,0.73762,0.73762,0.73744,0.73748,BUY
2022-04-21 20:32:00,0.73746,0.73762,0.73745,0.7376,BUY
2022-04-21 20:34:00,0.73759,0.73759,0.73733,0.73742,BUY
2022-04-21 20:36:00,0.73742,0.73743,0.73731,0.73734,BUY
2022-04-21 20:38:00,0.73732,0.73738,0.7373,0.73738,BUY
2022-04-21 20:40:00,0.73738,0.73738,0.73732,0.73738,EXIT
2022-04-21 20:42:00,0.73736,0.7374,0.73717,0.73718,EXIT
2022-04-21 20:44:00,0.73718,0.73718,0.73708,0.73714,EXIT
2022-04-21 20:46:00,0.73713,0.73718,0.73708,0.73709,EXIT
2022-04-21 20:48:00,0.73708,0.73712,0.73707,0.73707,SELL
2022-04-21 20:50:00,0.73708,0.73714,0.737,0.73703,SELL
2022-04-21 20:52:00,0.737,0.73706,0.73692,0.73696,SELL
2022-04-21 20:54:00,0.73692,0.73706,0.7369,0.73704,SELL
2022-04-21 20:56:00,0.73706,0.73712,0.73695,0.73695,SELL
2022-04-21 20:58:00,0.73696,0.73698,0.73694,0.73696,SELL
2022-04-21 21:02:00,0.73726,0.73726,0.73726,0.73726,SELL
2022-04-21 21:04:00,0.73722,0.73722,0.73715,0.73715,SELL
2022-04-21 21:06:00,0.73712,0.73716,0.73712,0.73713,SELL
2022-04-21 21:08:00,0.73716,0.7372,0.73716,0.7372,SELL
2022-04-21 21:10:00,0.7372,0.7372,0.73716,0.7372,SELL
2022-04-21 21:12:00,0.73719,0.73745,0.73719,0.7373,SELL
2022-04-21 21:14:00,0.7373,0.73736,0.7373,0.7373,SELL
2022-04-21 21:16:00,0.73734,0.73736,0.7373,0.7373,EXIT
2022-04-21 21:18:00,0.73736,0.73736,0.7373,0.73736,EXIT
2022-04-21 21:20:00,0.7374,0.73742,0.73736,0.73738,EXIT
2022-04-21 21:22:00,0.7374,0.73754,0.7373,0.73736,EXIT
2022-04-21 21:24:00,0.73736,0.73762,0.73731,0.73746,EXIT
2022-04-21 21:26:00,0.73744,0.73772,0.73734,0.73752,EXIT
2022-04-21 21:28:00,0.73753,0.73768,0.73743,0.73754,BUY
2022-04-21 21:30:00,0.73755,0.73792,0.73742,0.73742,BUY
2022-04-21 21:34:00,0.73741,0.73742,0.73741,0.73742,BUY
2022-04-21 21:36:00,0.73744,0.73744,0.73738,0.73742,BUY
2022-04-21 21:38:00,0.73744,0.73744,0.73734,0.73734,BUY
2022-04-21 21:40:00,0.73741,0.73741,0.73733,0.73733,BUY
2022-04-21 21:42:00,0.73734,0.73734,0.73734,0.73734,EXIT
2022-04-21 21:44:00,0.73739,0.7374,0.73734,0.73737,EXIT
2022-04-21 21:46:00,0.73734,0.73742,0.73734,0.73736,EXIT
2022-04-21 21:48:00,0.73736,0.73736,0.73736,0.73736,EXIT
2022-04-21 21:50:00,0.73736,0.73738,0.73732,0.73734,EXIT
2022-04-21 21:52:00,0.73732,0.73736,0.73732,0.73736,EXIT
2022-04-21 21:54:00,0.73738,0.73738,0.73736,0.73736,EXIT
2022-04-21 21:56:00,0.73736,0.73736,0.73736,0.73736,EXIT
2022-04-21 21:58:00,0.73736,0.7374,0.73736,0.73736,EXIT
2022-04-21 22:00:00,0.73736,0.73742,0.73726,0.73734,EXIT
2022-04-21 22:02:00,0.73736,0.73736,0.73723,0.73735,EXIT
2022-04-21 22:04:00,0.73734,0.73735,0.73726,0.73731,EXIT
2022-04-21 22:06:00,0.73732,0.73736,0.73731,0.73736,EXIT
2022-04-21 22:08:00,0.73736,0.73737,0.73729,0.73731,EXIT
2022-04-21 22:10:00,0.73728,0.73729,0.737,0.737,EXIT
2022-04-21 22:12:00,0.73699,0.73705,0.73697,0.737,EXIT
2022-04-21 22:14:00,0.737,0.73706,0.73686,0.73686,SELL
2022-04-21 22:16:00,0.73688,0.73706,0.73688,0.73706,SELL
2022-04-21 22:18:00,0.73705,0.73721,0.73704,0.7372,SELL
2022-04-21 22:20:00,0.73721,0.73724,0.73719,0.73724,SELL
2022-04-21 22:22:00,0.73724,0.73736,0.73724,0.73732,SELL
2022-04-21 22:24:00,0.73734,0.73737,0.73734,0.73736,SELL
2022-04-21 22:26:00,0.73737,0.73742,0.7373,0.73732,SELL
2022-04-21 22:28:00,0.73732,0.73732,0.7372,0.73728,EXIT
2022-04-21 22:30:00,0.73731,0.73742,0.73724,0.73739,EXIT
2022-04-21 22:32:00,0.73738,0.73739,0.73729,0.73734,SELL
2022-04-21 22:34:00,0.73736,0.73738,0.73729,0.73738,EXIT
2022-04-21 22:36:00,0.7374,0.7374,0.7371,0.7371,EXIT
2022-04-21 22:38:00,0.73711,0.73723,0.7371,0.73723,EXIT
2022-04-21 22:40:00,0.73722,0.73735,0.73722,0.73735,SELL
2022-04-21 22:42:00,0.73734,0.73735,0.73724,0.73735,EXIT
2022-04-21 22:44:00,0.73734,0.73734,0.73724,0.73726,EXIT
2022-04-21 22:46:00,0.73724,0.7373,0.73722,0.73724,EXIT
2022-04-21 22:48:00,0.73724,0.73731,0.73724,0.7373,EXIT
2022-04-21 22:50:00,0.7373,0.73732,0.73725,0.7373,EXIT
2022-04-21 22:52:00,0.7373,0.73732,0.7373,0.73732,EXIT
2022-04-21 22:54:00,0.73731,0.73734,0.7371,0.7371,EXIT
2022-04-21 22:56:00,0.73711,0.73719,0.73704,0.73707,EXIT
2022-04-21 22:58:00,0.73708,0.73716,0.73706,0.73714,SELL
2022-04-21 23:00:00,0.73714,0.73734,0.737,0.73734,SELL
2022-04-21 23:02:00,0.73735,0.73736,0.73706,0.73708,SELL
2022-04-21 23:04:00,0.73708,0.7371,0.73675,0.7368,EXIT
2022-04-21 23:06:00,0.7368,0.73692,0.7367,0.73674,SELL
2022-04-21 23:08:00,0.73674,0.73676,0.7365,0.73676,SELL
2022-04-21 23:10:00,0.73677,0.73684,0.7367,0.73672,SELL
2022-04-21 23:12:00,0.73671,0.73684,0.7367,0.73676,SELL
2022-04-21 23:14:00,0.73673,0.73675,0.73663,0.73674,SELL
2022-04-21 23:16:00,0.73674,0.73684,0.73667,0.73667,SELL
2022-04-21 23:18:00,0.73666,0.73669,0.73653,0.73658,SELL
2022-04-21 23:20:00,0.73661,0.73664,0.7365,0.73652,SELL
2022-04-21 23:22:00,0.73651,0.73672,0.7365,0.73672,SELL
2022-04-21 23:24:00,0.73674,0.73684,0.73674,0.73684,SELL
2022-04-21 23:26:00,0.73684,0.73692,0.7368,0.73688,SELL
2022-04-21 23:28:00,0.73686,0.73686,0.73665,0.73665,SELL
2022-04-21 23:30:00,0.73665,0.73667,0.73658,0.73666,SELL
2022-04-21 23:32:00,0.73664,0.73676,0.73661,0.73674,SELL
2022-04-21 23:34:00,0.73676,0.7368,0.73672,0.73674,SELL
2022-04-21 23:36:00,0.73674,0.73674,0.73662,0.73662,SELL
2022-04-21 23:38:00,0.73663,0.73672,0.73655,0.7366,SELL
2022-04-21 23:40:00,0.73659,0.73672,0.73656,0.73672,SELL
2022-04-21 23:42:00,0.73672,0.73678,0.73664,0.73666,SELL
2022-04-21 23:44:00,0.73668,0.73675,0.73666,0.73671,SELL
2022-04-21 23:46:00,0.73672,0.73682,0.73672,0.7368,SELL
2022-04-21 23:48:00,0.73678,0.73687,0.73673,0.73677,SELL
2022-04-21 23:50:00,0.73676,0.73686,0.73662,0.73662,SELL
2022-04-21 23:52:00,0.7366,0.7366,0.73638,0.73638,SELL
2022-04-21 23:54:00,0.73634,0.73635,0.73616,0.7362,SELL
2022-04-21 23:56:00,0.73618,0.73622,0.73604,0.73604,SELL
2022-04-21 23:58:00,0.73606,0.73612,0.73592,0.73603,SELL
2022-04-22 00:00:00,0.73606,0.73608,0.73578,0.73588,SELL
2022-04-22 00:02:00,0.73588,0.73634,0.73588,0.73624,SELL
2022-04-22 00:04:00,0.73625,0.7366,0.73621,0.7366,SELL
2022-04-22 00:06:00,0.7366,0.7368,0.73656,0.73676,SELL
2022-04-22 00:08:00,0.73674,0.7368,0.73663,0.73673,SELL
2022-04-22 00:10:00,0.73674,0.73674,0.73639,0.73642,EXIT
2022-04-22 00:12:00,0.7364,0.73657,0.73626,0.73656,EXIT
2022-04-22 00:14:00,0.73652,0.73678,0.73652,0.73659,SELL
2022-04-22 00:16:00,0.73658,0.73678,0.73655,0.73672,SELL
2022-04-22 00:18:00,0.73672,0.73683,0.73661,0.73682,EXIT
2022-04-22 00:20:00,0.73679,0.73693,0.73673,0.7369,EXIT
2022-04-22 00:22:00,0.73691,0.73691,0.73674,0.73674,EXIT
2022-04-22 00:24:00,0.73674,0.73686,0.7365,0.73656,EXIT
2022-04-22 00:26:00,0.7366,0.73663,0.7365,0.7365,EXIT
2022-04-22 00:28:00,0.73646,0.73652,0.73632,0.73632,EXIT
2022-04-22 00:30:00,0.73634,0.73635,0.73616,0.7362,EXIT
2022-04-22 00:32:00,0.73623,0.73656,0.73622,0.73639,SELL
2022-04-22 00:34:00,0.73642,0.73644,0.73632,0.73632,SELL
2022-04-22 00:36:00,0.73632,0.7364,0.73606,0.73616,SELL
2022-04-22 00:38:00,0.73615,0.73615,0.73602,0.73605,SELL
2022-04-22 00:40:00,0.73608,0.7361,0.73578,0.73605,SELL
2022-04-22 00:42:00,0.73605,0.73621,0.73598,0.7362,SELL
2022-04-22 00:44:00,0.73618,0.73621,0.7358,0.73582,SELL
2022-04-22 00:46:00,0.73584,0.73601,0.73582,0.73587,SELL
2022-04-22 00:48:00,0.73591,0.73592,0.7358,0.73581,SELL
2022-04-22 00:50:00,0.73581,0.73582,0.73564,0.73566,SELL
2022-04-22 00:52:00,0.73568,0.7359,0.73568,0.73586,SELL
2022-04-22 00:54:00,0.73587,0.73587,0.73564,0.7357,SELL
2022-04-22 00:56:00,0.7357,0.73582,0.73568,0.73574,SELL
2022-04-22 00:58:00,0.73574,0.73582,0.73562,0.7358,SELL
2022-04-22 01:00:00,0.73582,0.73588,0.7357,0.73577,SELL
2022-04-22 01:02:00,0.73577,0.73577,0.73558,0.73558,SELL
2022-04-22 01:04:00,0.7356,0.73567,0.73557,0.7356,SELL
2022-04-22 01:06:00,0.73558,0.73579,0.73558,0.73577,SELL
2022-04-22 01:08:00,0.73574,0.73596,0.73572,0.73596,SELL
2022-04-22 01:10:00,0.73596,0.73607,0.73584,0.73588,SELL
2022-04-22 01:12:00,0.73588,0.73592,0.73579,0.73585,SELL
2022-04-22 01:14:00,0.73585,0.73645,0.7358,0.7363,SELL
2022-04-22 01:16:00,0.73629,0.73636,0.73612,0.73627,SELL
2022-04-22 01:18:00,0.73626,0.73634,0.73623,0.73632,EXIT
2022-04-22 01:20:00,0.73632,0.73637,0.73612,0.73626,EXIT
2022-04-22 01:22:00,0.73625,0.73644,0.73622,0.7364,EXIT
2022-04-22 01:24:00,0.73641,0.73653,0.73639,0.73652,EXIT
2022-04-22 01:26:00,0.73652,0.7366,0.73646,0.73649,EXIT
2022-04-22 01:28:00,0.73648,0.73648,0.73626,0.73628,EXIT
2022-04-22 01:30:00,0.73628,0.73634,0.73613,0.73627,EXIT
2022-04-22 01:32:00,0.73628,0.73636,0.73618,0.73625,EXIT
2022-04-22 01:34:00,0.73626,0.73654,0.73622,0.73654,EXIT
2022-04-22 01:36:00,0.73656,0.73666,0.73634,0.73634,EXIT
2022-04-22 01:38:00,0.73634,0.73636,0.73588,0.7359,BUY
2022-04-22 01:38:00,0.73634,0.73636,0.73588,0.7359,EXIT
2022-04-22 01:40:00,0.7359,0.73603,0.73587,0.73592,EXIT
2022-04-22 01:42:00,0.73591,0.73599,0.73586,0.73599,EXIT
2022-04-22 01:44:00,0.73598,0.73598,0.73556,0.73558,EXIT
2022-04-22 01:46:00,0.73557,0.73557,0.73533,0.73538,SELL
2022-04-22 01:48:00,0.73536,0.73602,0.73534,0.73592,SELL
2022-04-22 01:50:00,0.73591,0.736,0.73574,0.73576,SELL
2022-04-22 01:52:00,0.73576,0.73586,0.73566,0.73566,SELL
2022-04-22 01:54:00,0.73566,0.73599,0.73566,0.73577,SELL
2022-04-22 01:56:00,0.73578,0.73588,0.73572,0.73586,SELL
2022-04-22 01:58:00,0.73585,0.73598,0.73565,0.73587,SELL
2022-04-22 02:00:00,0.73587,0.73594,0.73562,0.7357,SELL
2022-04-22 02:02:00,0.7357,0.73602,0.7357,0.73596,SELL
2022-04-22 02:04:00,0.73592,0.736,0.73584,0.73586,SELL
2022-04-22 02:06:00,0.73586,0.7359,0.7358,0.73586,SELL
2022-04-22 02:08:00,0.73587,0.73599,0.73574,0.73592,SELL
2022-04-22 02:10:00,0.73593,0.736,0.73588,0.73592,SELL
2022-04-22 02:12:00,0.73592,0.73596,0.73558,0.7356,SELL
2022-04-22 02:14:00,0.73558,0.73566,0.73549,0.73564,SELL
2022-04-22 02:16:00,0.73562,0.73569,0.73558,0.73562,SELL
2022-04-22 02:18:00,0.73566,0.73566,0.7355,0.7355,SELL
2022-04-22 02:20:00,0.7355,0.7356,0.7355,0.73553,SELL
2022-04-22 02:22:00,0.73554,0.73554,0.73542,0.73549,SELL
2022-04-22 02:24:00,0.73551,0.73564,0.73542,0.7356,SELL
2022-04-22 02:26:00,0.73562,0.73562,0.73545,0.73556,SELL
2022-04-22 02:28:00,0.7356,0.73566,0.73554,0.73564,SELL
2022-04-22 02:30:00,0.73564,0.73567,0.73547,0.73551,SELL
2022-04-22 02:32:00,0.7355,0.73555,0.7354,0.73551,SELL
2022-04-22 02:34:00,0.73552,0.7356,0.73544,0.73556,SELL
2022-04-22 02:36:00,0.73554,0.73592,0.73548,0.73587,SELL
2022-04-22 02:38:00,0.73587,0.73587,0.73568,0.73572,SELL
2022-04-22 02:40:00,0.73573,0.73573,0.73524,0.73534,SELL
2022-04-22 02:42:00,0.73536,0.73546,0.7353,0.73544,SELL
2022-04-22 02:44:00,0.73545,0.73568,0.73543,0.73564,SELL
2022-04-22 02:46:00,0.73566,0.73581,0.73558,0.73571,SELL
2022-04-22 02:48:00,0.73571,0.73613,0.73571,0.73589,SELL
2022-04-22 02:50:00,0.73588,0.73596,0.73583,0.73588,SELL
2022-04-22 02:52:00,0.73589,0.73612,0.73588,0.73612,EXIT
2022-04-22 02:54:00,0.73611,0.73612,0.73592,0.73602,EXIT
2022-04-22 02:56:00,0.73599,0.73599,0.73584,0.73589,EXIT
2022-04-22 02:58:00,0.73588,0.73589,0.73574,0.73577,EXIT
2022-04-22 03:00:00,0.73577,0.7358,0.73538,0.73545,EXIT
2022-04-22 03:02:00,0.73542,0.73542,0.73392,0.73411,EXIT
2022-04-22 03:04:00,0.73412,0.73437,0.73311,0.73355,EXIT
2022-04-22 03:06:00,0.73352,0.73366,0.73327,0.73352,SELL
2022-04-22 03:08:00,0.73353,0.73358,0.73332,0.73354,SELL
2022-04-22 03:10:00,0.73357,0.7336,0.73343,0.73357,SELL
2022-04-22 03:12:00,0.73357,0.73406,0.73354,0.734,SELL
2022-04-22 03:14:00,0.734,0.73414,0.73398,0.73414,SELL
2022-04-22 03:16:00,0.73415,0.7342,0.73402,0.7341,SELL
2022-04-22 03:18:00,0.73408,0.73418,0.73394,0.73412,SELL
2022-04-22 03:20:00,0.73412,0.73438,0.73412,0.73432,SELL
2022-04-22 03:22:00,0.73436,0.73437,0.73411,0.73416,SELL
2022-04-22 03:24:00,0.73417,0.73417,0.73387,0.73394,SELL
2022-04-22 03:26:00,0.73396,0.73436,0.73396,0.73435,SELL
2022-04-22 03:28:00,0.73435,0.73438,0.73416,0.73417,SELL
2022-04-22 03:30:00,0.73418,0.73442,0.73418,0.73432,SELL
2022-04-22 03:32:00,0.73432,0.7346,0.73432,0.73459,SELL
2022-04-22 03:34:00,0.73458,0.73462,0.73447,0.73462,SELL
2022-04-22 03:36:00,0.73461,0.73464,0.73443,0.73448,SELL
2022-04-22 03:38:00,0.73448,0.73457,0.73444,0.73456,SELL
2022-04-22 03:40:00,0.73454,0.73456,0.73442,0.73446,SELL
2022-04-22 03:42:00,0.73443,0.73448,0.73432,0.73446,EXIT
2022-04-22 03:44:00,0.73447,0.73469,0.73444,0.73463,EXIT
2022-04-22 03:46:00,0.73458,0.73458,0.73436,0.73444,EXIT
2022-04-22 03:48:00,0.73442,0.73446,0.73436,0.73436,EXIT
2022-04-22 03:50:00,0.73436,0.73436,0.73422,0.73432,EXIT
2022-04-22 03:52:00,0.73434,0.7346,0.73428,0.73458,SELL
2022-04-22 03:54:00,0.73458,0.73465,0.73452,0.73463,SELL
2022-04-22 03:56:00,0.7346,0.73463,0.73452,0.73459,EXIT
2022-04-22 03:58:00,0.73458,0.73464,0.73449,0.73461,EXIT
2022-04-22 04:00:00,0.73462,0.73462,0.73452,0.73462,EXIT
2022-04-22 04:02:00,0.73458,0.73462,0.73448,0.73456,EXIT
2022-04-22 04:04:00,0.73454,0.73464,0.73448,0.73464,EXIT
2022-04-22 04:06:00,0.7346,0.73462,0.73452,0.73461,EXIT
2022-04-22 04:08:00,0.7346,0.73462,0.73452,0.73457,EXIT
2022-04-22 04:10:00,0.73456,0.73459,0.73402,0.73424,EXIT
2022-04-22 04:12:00,0.73424,0.73428,0.73418,0.7342,EXIT
2022-04-22 04:14:00,0.7342,0.73422,0.73402,0.73416,EXIT
2022-04-22 04:16:00,0.73418,0.73422,0.734,0.73402,SELL
2022-04-22 04:18:00,0.73402,0.73438,0.73395,0.73416,SELL
2022-04-22 04:20:00,0.73416,0.73488,0.73416,0.73473,SELL
2022-04-22 04:22:00,0.73472,0.73474,0.73455,0.73455,SELL
2022-04-22 04:24:00,0.73456,0.73467,0.73405,0.73422,EXIT
2022-04-22 04:26:00,0.73421,0.73426,0.73416,0.73426,EXIT
2022-04-22 04:28:00,0.73428,0.7344,0.73406,0.73408,SELL
2022-04-22 04:30:00,0.73408,0.73414,0.73382,0.73382,SELL
2022-04-22 04:32:00,0.73382,0.73403,0.7338,0.73402,SELL
2022-04-22 04:34:00,0.73402,0.73404,0.73378,0.73381,SELL
2022-04-22 04:36:00,0.73381,0.73388,0.7338,0.73387,SELL
2022-04-22 04:38:00,0.73388,0.73399,0.73375,0.73377,SELL
2022-04-22 04:40:00,0.73378,0.73378,0.73354,0.73358,SELL
2022-04-22 04:42:00,0.73358,0.7337,0.73348,0.73363,SELL
2022-04-22 04:44:00,0.73366,0.73391,0.73366,0.73384,SELL
2022-04-22 04:46:00,0.73385,0.73404,0.73384,0.73404,SELL
2022-04-22 04:48:00,0.73405,0.73423,0.73399,0.73423,SELL
2022-04-22 04:50:00,0.73426,0.73435,0.73419,0.73422,SELL
2022-04-22 04:52:00,0.73423,0.73429,0.73418,0.73422,SELL
2022-04-22 04:54:00,0.73422,0.73438,0.73412,0.73431,EXIT
2022-04-22 04:56:00,0.73427,0.73432,0.73404,0.73404,EXIT
2022-04-22 04:58:00,0.73404,0.73426,0.73404,0.7342,EXIT
2022-04-22 05:00:00,0.7342,0.73436,0.73412,0.73431,SELL
2022-04-22 05:02:00,0.73432,0.73441,0.73422,0.73425,EXIT
2022-04-22 05:04:00,0.73425,0.73438,0.73412,0.73422,EXIT
2022-04-22 05:06:00,0.73422,0.73435,0.73406,0.73428,EXIT
2022-04-22 05:08:00,0.73428,0.73458,0.73426,0.73452,EXIT
2022-04-22 05:10:00,0.7345,0.73465,0.7345,0.73462,EXIT
2022-04-22 05:12:00,0.73462,0.73462,0.73442,0.73448,EXIT
2022-04-22 05:14:00,0.73448,0.73448,0.7342,0.73435,EXIT
2022-04-22 05:16:00,0.73435,0.73446,0.73426,0.73426,EXIT
2022-04-22 05:18:00,0.73428,0.73428,0.73408,0.73412,EXIT
2022-04-22 05:20:00,0.73412,0.73413,0.73384,0.73394,EXIT
2022-04-22 05:22:00,0.73395,0.73396,0.7337,0.73385,EXIT
2022-04-22 05:24:00,0.73384,0.73387,0.7337,0.73382,SELL
2022-04-22 05:26:00,0.7338,0.73389,0.73372,0.73378,SELL
2022-04-22 05:28:00,0.73379,0.73386,0.73364,0.73369,SELL
2022-04-22 05:30:00,0.73365,0.73365,0.73332,0.73347,SELL
2022-04-22 05:32:00,0.7335,0.73352,0.73334,0.73342,SELL
2022-04-22 05:34:00,0.73342,0.73366,0.7334,0.73354,SELL
2022-04-22 05:36:00,0.73354,0.7338,0.73354,0.73376,SELL
2022-04-22 05:38:00,0.73376,0.73405,0.73368,0.73404,SELL
2022-04-22 05:40:00,0.73403,0.73406,0.73392,0.73396,SELL
2022-04-22 05:42:00,0.73394,0.73398,0.7338,0.7338,SELL
2022-04-22 05:44:00,0.73382,0.73382,0.73371,0.73371,SELL
2022-04-22 05:46:00,0.7337,0.73377,0.73358,0.73374,SELL
2022-04-22 05:48:00,0.73374,0.73378,0.73368,0.73368,SELL
2022-04-22 05:50:00,0.7337,0.73386,0.73361,0.73386,SELL
2022-04-22 05:52:00,0.73383,0.73383,0.73359,0.7338,SELL
2022-04-22 05:54:00,0.7338,0.73392,0.7338,0.73388,SELL
2022-04-22 05:56:00,0.73386,0.73386,0.73347,0.73356,SELL
2022-04-22 05:58:00,0.73358,0.73368,0.73349,0.73361,SELL
2022-04-22 06:00:00,0.73358,0.73359,0.7333,0.73342,SELL
2022-04-22 06:02:00,0.73342,0.73426,0.73335,0.73417,SELL
2022-04-22 06:04:00,0.73418,0.7345,0.73414,0.73442,SELL
2022-04-22 06:06:00,0.7344,0.73464,0.73405,0.73461,EXIT
2022-04-22 06:08:00,0.73462,0.73493,0.7345,0.73451,EXIT
2022-04-22 06:10:00,0.73451,0.73476,0.73444,0.73469,BUY
2022-04-22 06:12:00,0.7347,0.73473,0.73422,0.7344,BUY
2022-04-22 06:14:00,0.73442,0.73442,0.73408,0.7341,BUY
2022-04-22 06:16:00,0.73408,0.73423,0.73399,0.73412,BUY
2022-04-22 06:18:00,0.73415,0.73416,0.73374,0.73381,BUY
2022-04-22 06:20:00,0.73378,0.73388,0.73368,0.73371,EXIT
2022-04-22 06:22:00,0.73372,0.73372,0.73324,0.73338,EXIT
2022-04-22 06:24:00,0.7334,0.73352,0.7331,0.73324,EXIT
2022-04-22 06:26:00,0.73324,0.73341,0.73316,0.73323,SELL
2022-04-22 06:28:00,0.73323,0.73356,0.73319,0.73351,SELL
2022-04-22 06:30:00,0.73351,0.73355,0.73324,0.73334,SELL
2022-04-22 06:32:00,0.7333,0.73344,0.73316,0.73318,SELL
2022-04-22 06:34:00,0.73315,0.73318,0.73268,0.73286,SELL
2022-04-22 06:36:00,0.73286,0.73302,0.7326,0.73288,SELL
2022-04-22 06:38:00,0.73288,0.73304,0.73288,0.73292,SELL
2022-04-22 06:40:00,0.73292,0.7331,0.73284,0.73306,SELL
2022-04-22 06:42:00,0.73305,0.73305,0.73256,0.73271,SELL
2022-04-22 06:44:00,0.73272,0.73272,0.7325,0.73253,SELL
2022-04-22 06:46:00,0.73253,0.73264,0.73246,0.73252,SELL
2022-04-22 06:48:00,0.73254,0.73262,0.73218,0.73226,SELL
2022-04-22 06:50:00,0.73226,0.73232,0.73148,0.73156,SELL
2022-04-22 06:52:00,0.73157,0.7319,0.73139,0.73168,SELL
2022-04-22 06:54:00,0.7317,0.7318,0.73157,0.73168,SELL
2022-04-22 06:56:00,0.7317,0.73174,0.7315,0.73173,SELL
2022-04-22 06:58:00,0.7317,0.7317,0.73113,0.73114,SELL
2022-04-22 07:00:00,0.73114,0.7316,0.73114,0.7315,SELL
2022-04-22 07:02:00,0.7315,0.73158,0.7311,0.73132,SELL
2022-04-22 07:04:00,0.73133,0.73158,0.73132,0.7315,SELL
2022-04-22 07:06:00,0.73148,0.73158,0.73132,0.73156,SELL
2022-04-22 07:08:00,0.73158,0.73173,0.73147,0.73155,SELL
2022-04-22 07:10:00,0.73154,0.73169,0.73144,0.73167,SELL
2022-04-22 07:12:00,0.73168,0.73171,0.73136,0.73136,SELL
2022-04-22 07:14:00,0.73134,0.73134,0.73084,0.73114,SELL
2022-04-22 07:16:00,0.73114,0.73116,0.73076,0.7309,SELL
2022-04-22 07:18:00,0.7309,0.7312,0.73078,0.73101,SELL
2022-04-22 07:20:00,0.73101,0.73103,0.7307,0.73091,SELL
2022-04-22 07:22:00,0.73094,0.73129,0.73086,0.73107,SELL
2022-04-22 07:24:00,0.73108,0.73116,0.73098,0.73107,SELL
2022-04-22 07:26:00,0.73106,0.73126,0.73102,0.73108,SELL
2022-04-22 07:28:00,0.7311,0.73114,0.7308,0.7308,SELL
2022-04-22 07:30:00,0.7308,0.73127,0.73078,0.73126,SELL
2022-04-22 07:32:00,0.73127,0.73147,0.73126,0.73133,SELL
2022-04-22 07:34:00,0.73134,0.73141,0.73114,0.73117,SELL
2022-04-22 07:36:00,0.73123,0.73143,0.7312,0.73132,SELL
2022-04-22 07:38:00,0.73132,0.73162,0.7313,0.73156,SELL
2022-04-22 07:40:00,0.73156,0.73157,0.73136,0.73154,SELL
2022-04-22 07:42:00,0.73152,0.73174,0.7315,0.73172,EXIT
2022-04-22 07:44:00,0.7317,0.73185,0.73154,0.73166,EXIT
2022-04-22 07:46:00,0.73165,0.73189,0.73161,0.73161,EXIT
2022-04-22 07:48:00,0.73163,0.7317,0.73146,0.73146,EXIT
2022-04-22 07:50:00,0.73148,0.73154,0.73137,0.7315,EXIT
2022-04-22 07:52:00,0.7315,0.7315,0.73122,0.73129,EXIT
2022-04-22 07:54:00,0.73129,0.73158,0.73129,0.73148,EXIT
2022-04-22 07:56:00,0.73144,0.73154,0.73132,0.73133,EXIT
2022-04-22 07:58:00,0.73133,0.73152,0.73124,0.73144,EXIT
2022-04-22 08:00:00,0.73144,0.73148,0.73127,0.73146,EXIT
2022-04-22 08:02:00,0.73147,0.73162,0.73118,0.7312,EXIT
2022-04-22 08:04:00,0.7312,0.73144,0.7311,0.73112,EXIT
2022-04-22 08:06:00,0.73116,0.73123,0.7309,0.73097,SELL
2022-04-22 08:08:00,0.73096,0.73108,0.73085,0.73096,SELL
2022-04-22 08:10:00,0.73098,0.7311,0.7309,0.731,SELL
2022-04-22 08:12:00,0.73101,0.73106,0.73078,0.73104,SELL
2022-04-22 08:14:00,0.73104,0.73114,0.7309,0.73114,SELL
2022-04-22 08:16:00,0.73114,0.73133,0.73098,0.73108,SELL
2022-04-22 08:18:00,0.73104,0.73104,0.7308,0.73086,SELL
2022-04-22 08:20:00,0.7309,0.7312,0.73089,0.7311,SELL
2022-04-22 08:22:00,0.73109,0.7312,0.73102,0.73114,SELL
2022-04-22 08:24:00,0.73116,0.73152,0.73105,0.73152,SELL
2022-04-22 08:26:00,0.73151,0.73156,0.73123,0.73124,SELL
2022-04-22 08:28:00,0.73126,0.73136,0.7311,0.7311,EXIT
2022-04-22 08:30:00,0.73106,0.73146,0.731,0.73142,SELL
2022-04-22 08:32:00,0.7314,0.7314,0.73098,0.73098,SELL
2022-04-22 08:34:00,0.73099,0.73118,0.73088,0.73108,EXIT
2022-04-22 08:36:00,0.73109,0.73124,0.73102,0.73124,SELL
2022-04-22 08:38:00,0.73121,0.73124,0.7311,0.73116,SELL
2022-04-22 08:40:00,0.73116,0.73116,0.73084,0.73085,EXIT
2022-04-22 08:42:00,0.73086,0.73086,0.73052,0.73053,SELL
2022-04-22 08:44:00,0.73054,0.73056,0.7304,0.73048,SELL
2022-04-22 08:46:00,0.73048,0.73058,0.73046,0.73048,SELL
2022-04-22 08:48:00,0.7305,0.73062,0.7304,0.73055,SELL
2022-04-22 08:50:00,0.73054,0.73068,0.73049,0.73062,SELL
2022-04-22 08:52:00,0.7306,0.73062,0.73042,0.73054,SELL
2022-04-22 08:54:00,0.73052,0.7306,0.73044,0.73053,SELL
2022-04-22 08:56:00,0.73052,0.7306,0.73044,0.73054,SELL
2022-04-22 08:58:00,0.73055,0.73063,0.73032,0.73034,SELL
2022-04-22 09:00:00,0.73034,0.73044,0.73028,0.73038,SELL
2022-04-22 09:02:00,0.73038,0.7308,0.73036,0.73062,SELL
2022-04-22 09:04:00,0.73061,0.73074,0.73052,0.73062,SELL
2022-04-22 09:06:00,0.73057,0.73068,0.73046,0.73067,SELL
2022-04-22 09:08:00,0.73066,0.73068,0.73038,0.7305,SELL
2022-04-22 09:10:00,0.7305,0.7307,0.7305,0.73066,SELL
2022-04-22 09:12:00,0.73068,0.73074,0.73066,0.73074,SELL
2022-04-22 09:14:00,0.73074,0.73074,0.73063,0.7307,SELL
2022-04-22 09:16:00,0.73068,0.73084,0.73064,0.7308,SELL
2022-04-22 09:18:00,0.73077,0.73088,0.73076,0.73082,SELL
2022-04-22 09:20:00,0.73082,0.73087,0.73079,0.7308,SELL
2022-04-22 09:22:00,0.7308,0.7309,0.73078,0.73086,EXIT
2022-04-22 09:24:00,0.73087,0.73103,0.73083,0.73096,EXIT
2022-04-22 09:26:00,0.73098,0.73108,0.7308,0.73104,EXIT
2022-04-22 09:28:00,0.73103,0.7312,0.731,0.73113,EXIT
2022-04-22 09:30:00,0.73113,0.73114,0.73086,0.73088,EXIT
2022-04-22 09:32:00,0.73087,0.73095,0.73052,0.73053,EXIT
2022-04-22 09:34:00,0.73054,0.73056,0.73042,0.73042,EXIT
2022-04-22 09:36:00,0.73042,0.73057,0.7303,0.73052,EXIT
2022-04-22 09:38:00,0.73054,0.73067,0.7305,0.73056,SELL
2022-04-22 09:40:00,0.73053,0.73074,0.73053,0.73068,SELL
2022-04-22 09:42:00,0.73066,0.73083,0.73066,0.73078,SELL
2022-04-22 09:44:00,0.73076,0.73076,0.73042,0.73042,SELL
2022-04-22 09:46:00,0.73042,0.7306,0.7304,0.73057,EXIT
2022-04-22 09:48:00,0.73057,0.73057,0.73033,0.7304,SELL
2022-04-22 09:50:00,0.7304,0.7304,0.73024,0.73026,SELL
2022-04-22 09:52:00,0.7303,0.73036,0.73024,0.73029,SELL
2022-04-22 09:54:00,0.73032,0.7305,0.73028,0.73029,SELL
2022-04-22 09:56:00,0.73029,0.73038,0.73022,0.73029,SELL
2022-04-22 09:58:00,0.73028,0.7304,0.73028,0.73033,SELL
2022-04-22 10:00:00,0.73033,0.7305,0.73032,0.73034,SELL
2022-04-22 10:02:00,0.73033,0.73038,0.72992,0.72998,SELL
2022-04-22 10:04:00,0.72996,0.73027,0.72996,0.73015,SELL
2022-04-22 10:06:00,0.73016,0.73023,0.73014,0.73022,SELL
2022-04-22 10:08:00,0.73024,0.73038,0.73019,0.73024,SELL
2022-04-22 10:10:00,0.73023,0.7303,0.73014,0.7302,SELL
2022-04-22 10:12:00,0.73021,0.73039,0.73019,0.73026,SELL
2022-04-22 10:14:00,0.73024,0.73035,0.73017,0.7303,SELL
2022-04-22 10:16:00,0.73032,0.73054,0.73026,0.73036,SELL
2022-04-22 10:18:00,0.73033,0.73033,0.73012,0.73026,SELL
2022-04-22 10:20:00,0.73024,0.73034,0.73022,0.73032,SELL
2022-04-22 10:22:00,0.73032,0.73034,0.73018,0.73025,SELL
2022-04-22 10:24:00,0.73027,0.73029,0.73002,0.73022,SELL
2022-04-22 10:26:00,0.73022,0.73044,0.73022,0.73027,SELL
2022-04-22 10:28:00,0.73023,0.7303,0.72986,0.72987,SELL
2022-04-22 10:30:00,0.72988,0.7301,0.72974,0.72992,SELL
2022-04-22 10:32:00,0.72992,0.72992,0.72973,0.72983,SELL
2022-04-22 10:34:00,0.72984,0.72998,0.72983,0.72992,SELL
2022-04-22 10:36:00,0.7299,0.72994,0.72976,0.72978,SELL
2022-04-22 10:38:00,0.72978,0.72982,0.72972,0.72974,SELL
2022-04-22 10:40:00,0.72974,0.73004,0.72974,0.72998,SELL
2022-04-22 10:42:00,0.72998,0.73001,0.72992,0.72996,SELL
2022-04-22 10:44:00,0.72996,0.7304,0.72995,0.73038,SELL
2022-04-22 10:46:00,0.73041,0.73053,0.7304,0.73052,SELL
2022-04-22 10:48:00,0.73051,0.73074,0.7305,0.73064,EXIT
2022-04-22 10:50:00,0.73065,0.73078,0.73063,0.73078,EXIT
2022-04-22 10:52:00,0.73078,0.73084,0.7307,0.7308,EXIT
2022-04-22 10:54:00,0.73076,0.73086,0.73066,0.73069,EXIT
2022-04-22 10:56:00,0.73068,0.73071,0.73044,0.73047,EXIT
2022-04-22 10:58:00,0.73051,0.73074,0.73051,0.73053,EXIT
2022-04-22 11:00:00,0.73053,0.73069,0.7305,0.73067,EXIT
2022-04-22 11:02:00,0.7307,0.73089,0.7307,0.73086,EXIT
2022-04-22 11:04:00,0.73086,0.73099,0.73062,0.7307,EXIT
2022-04-22 11:06:00,0.73072,0.73087,0.73066,0.73086,BUY
2022-04-22 11:08:00,0.73086,0.731,0.73084,0.73098,BUY
2022-04-22 11:10:00,0.73098,0.73128,0.73094,0.73126,BUY
2022-04-22 11:12:00,0.73126,0.73136,0.73124,0.73132,BUY
2022-04-22 11:14:00,0.73129,0.7313,0.73091,0.73101,BUY
2022-04-22 11:16:00,0.731,0.73114,0.73097,0.73114,BUY
2022-04-22 11:18:00,0.73113,0.7312,0.73106,0.73112,BUY
2022-04-22 11:20:00,0.73112,0.73112,0.73094,0.731,BUY
2022-04-22 11:22:00,0.73098,0.73108,0.73095,0.73104,BUY
2022-04-22 11:24:00,0.73102,0.73114,0.73098,0.73104,BUY
2022-04-22 11:26:00,0.73104,0.73124,0.73104,0.73115,BUY
2022-04-22 11:28:00,0.73114,0.73134,0.73114,0.73129,BUY
2022-04-22 11:30:00,0.73128,0.73131,0.73108,0.73108,BUY
2022-04-22 11:32:00,0.73109,0.7313,0.73109,0.7312,BUY
2022-04-22 11:34:00,0.73121,0.73125,0.73101,0.73104,BUY
2022-04-22 11:36:00,0.73104,0.73109,0.7309,0.7309,BUY
2022-04-22 11:38:00,0.73092,0.73095,0.73074,0.73078,BUY
2022-04-22 11:40:00,0.73078,0.73089,0.73078,0.73087,BUY
2022-04-22 11:42:00,0.73086,0.73088,0.73078,0.73084,EXIT
2022-04-22 11:44:00,0.73084,0.73085,0.73053,0.73056,EXIT
2022-04-22 11:46:00,0.73058,0.73077,0.73056,0.73076,EXIT
2022-04-22 11:48:00,0.73076,0.73084,0.73058,0.73066,EXIT
2022-04-22 11:50:00,0.73068,0.73082,0.73056,0.73056,EXIT
2022-04-22 11:52:00,0.73058,0.73068,0.73058,0.73062,EXIT
2022-04-22 11:54:00,0.73064,0.73075,0.7305,0.73053,EXIT
2022-04-22 11:56:00,0.73053,0.73064,0.73048,0.73058,EXIT
2022-04-22 11:58:00,0.7306,0.73064,0.7305,0.73056,EXIT
2022-04-22 12:00:00,0.73056,0.73079,0.73052,0.73079,EXIT
2022-04-22 12:02:00,0.73078,0.73082,0.73064,0.7307,EXIT
2022-04-22 12:04:00,0.7307,0.73074,0.73042,0.73042,EXIT
2022-04-22 12:06:00,0.73042,0.73044,0.7302,0.73021,EXIT
2022-04-22 12:08:00,0.7302,0.73048,0.7302,0.73042,SELL
2022-04-22 12:10:00,0.73044,0.7305,0.7301,0.7301,SELL
2022-04-22 12:12:00,0.73008,0.73024,0.73008,0.73018,SELL
2022-04-22 12:14:00,0.73018,0.73019,0.73004,0.73015,SELL
2022-04-22 12:16:00,0.73016,0.73056,0.73016,0.73048,SELL
2022-04-22 12:18:00,0.7305,0.7305,0.73026,0.7303,SELL
2022-04-22 12:20:00,0.73032,0.73032,0.73004,0.73016,SELL
2022-04-22 12:22:00,0.73016,0.7304,0.73012,0.73038,SELL
2022-04-22 12:24:00,0.7304,0.73041,0.73032,0.73034,SELL
2022-04-22 12:26:00,0.73036,0.73051,0.73032,0.73044,SELL
2022-04-22 12:28:00,0.73045,0.73052,0.7303,0.7303,SELL
2022-04-22 12:30:00,0.7303,0.73039,0.73014,0.73016,SELL
2022-04-22 12:32:00,0.73014,0.73016,0.73002,0.73004,SELL
2022-04-22 12:34:00,0.73006,0.73034,0.73002,0.73034,SELL
2022-04-22 12:36:00,0.73032,0.73051,0.7303,0.73046,SELL
2022-04-22 12:38:00,0.73044,0.73068,0.73042,0.73063,SELL
2022-04-22 12:40:00,0.73065,0.73072,0.73046,0.73064,SELL
2022-04-22 12:42:00,0.73064,0.73064,0.73038,0.73048,EXIT
2022-04-22 12:44:00,0.7305,0.73058,0.7305,0.73054,EXIT
2022-04-22 12:46:00,0.73053,0.73068,0.73049,0.73049,SELL
2022-04-22 12:48:00,0.7305,0.73051,0.73034,0.73047,EXIT
2022-04-22 12:50:00,0.73047,0.7305,0.73003,0.73018,EXIT
2022-04-22 12:52:00,0.73016,0.73016,0.73006,0.73016,EXIT
2022-04-22 12:54:00,0.73014,0.73025,0.73012,0.73014,SELL
2022-04-22 12:56:00,0.73018,0.73026,0.73014,0.73026,SELL
2022-04-22 12:58:00,0.73024,0.73044,0.73008,0.73032,SELL
2022-04-22 13:00:00,0.73032,0.73034,0.72995,0.7302,SELL
2022-04-22 13:02:00,0.7302,0.73042,0.7301,0.73036,SELL
2022-04-22 13:04:00,0.73036,0.73037,0.73012,0.73012,SELL
2022-04-22 13:06:00,0.73014,0.73056,0.73012,0.73048,SELL
2022-04-22 13:08:00,0.73048,0.73052,0.72992,0.72993,SELL
2022-04-22 13:10:00,0.7299,0.73,0.72966,0.72972,EXIT
2022-04-22 13:12:00,0.72968,0.72974,0.7293,0.7293,SELL
2022-04-22 13:14:00,0.72927,0.72932,0.72872,0.72903,SELL
2022-04-22 13:16:00,0.72899,0.7291,0.72872,0.72878,SELL
2022-04-22 13:18:00,0.72878,0.72884,0.72862,0.72872,SELL
2022-04-22 13:20:00,0.72871,0.72874,0.72849,0.72852,SELL
2022-04-22 13:22:00,0.72854,0.7289,0.72852,0.72888,SELL
2022-04-22 13:24:00,0.72887,0.72898,0.72879,0.7288,SELL
2022-04-22 13:26:00,0.72879,0.72906,0.72879,0.72902,SELL
2022-04-22 13:28:00,0.729,0.7291,0.72889,0.7289,SELL
2022-04-22 13:30:00,0.72888,0.72889,0.72858,0.72864,SELL
2022-04-22 13:32:00,0.72862,0.72893,0.72851,0.72893,SELL
2022-04-22 13:34:00,0.72894,0.72904,0.72869,0.72873,SELL
2022-04-22 13:36:00,0.72869,0.72894,0.72859,0.72859,SELL
2022-04-22 13:38:00,0.72858,0.72866,0.7282,0.72826,SELL
2022-04-22 13:40:00,0.72826,0.72835,0.72819,0.72827,SELL
2022-04-22 13:42:00,0.72826,0.72842,0.72788,0.72795,SELL
2022-04-22 13:44:00,0.72794,0.72823,0.72778,0.72809,SELL
2022-04-22 13:46:00,0.72808,0.7283,0.72798,0.72807,SELL
2022-04-22 13:48:00,0.72808,0.72821,0.72805,0.72815,SELL
2022-04-22 13:50:00,0.72816,0.72843,0.72798,0.72836,SELL
2022-04-22 13:52:00,0.72837,0.72862,0.7283,0.72832,SELL
2022-04-22 13:54:00,0.72832,0.72834,0.72801,0.72811,SELL
2022-04-22 13:56:00,0.72808,0.72809,0.72762,0.72769,SELL
2022-04-22 13:58:00,0.72768,0.72776,0.7273,0.72734,SELL
2022-04-22 14:00:00,0.72735,0.72756,0.72724,0.7273,SELL
2022-04-22 14:02:00,0.72729,0.7273,0.72704,0.7271,SELL
2022-04-22 14:04:00,0.7271,0.72738,0.72698,0.72738,SELL
2022-04-22 14:06:00,0.72734,0.72779,0.72734,0.72772,SELL
2022-04-22 14:08:00,0.72772,0.72773,0.72735,0.72739,SELL
2022-04-22 14:10:00,0.72739,0.7274,0.72702,0.72704,SELL
2022-04-22 14:12:00,0.72706,0.72707,0.72666,0.72668,SELL
2022-04-22 14:14:00,0.7267,0.7268,0.72656,0.72658,SELL
2022-04-22 14:16:00,0.72658,0.72664,0.72639,0.7266,SELL
2022-04-22 14:18:00,0.7266,0.72734,0.7266,0.72713,SELL
2022-04-22 14:20:00,0.72712,0.72715,0.7266,0.72663,SELL
2022-04-22 14:22:00,0.72662,0.72678,0.72652,0.72675,SELL
2022-04-22 14:24:00,0.72676,0.7271,0.7267,0.72682,SELL
2022-04-22 14:26:00,0.72681,0.72706,0.72675,0.72696,SELL
2022-04-22 14:28:00,0.72696,0.72696,0.72674,0.72686,SELL
2022-04-22 14:30:00,0.72687,0.7271,0.72646,0.72649,SELL
2022-04-22 14:32:00,0.72648,0.7266,0.72622,0.72628,SELL
2022-04-22 14:34:00,0.72628,0.72644,0.72565,0.72574,SELL
2022-04-22 14:36:00,0.72574,0.72617,0.72548,0.72548,SELL
2022-04-22 14:38:00,0.72544,0.72586,0.72543,0.72555,SELL
2022-04-22 14:40:00,0.72555,0.7256,0.72538,0.72538,SELL
2022-04-22 14:42:00,0.7254,0.7254,0.725,0.72517,SELL
2022-04-22 14:44:00,0.7252,0.72531,0.72503,0.72504,SELL
2022-04-22 14:46:00,0.72506,0.72527,0.72506,0.7252,SELL
2022-04-22 14:48:00,0.7252,0.72527,0.725,0.72513,SELL
2022-04-22 14:50:00,0.72511,0.72535,0.72504,0.72508,SELL
2022-04-22 14:52:00,0.7251,0.72529,0.7249,0.72508,SELL
2022-04-22 14:54:00,0.72508,0.72531,0.72499,0.72531,SELL
2022-04-22 14:56:00,0.72534,0.72574,0.72532,0.72567,SELL
2022-04-22 14:58:00,0.72566,0.72576,0.72541,0.72546,SELL
2022-04-22 15:00:00,0.72545,0.7256,0.72534,0.72558,SELL
2022-04-22 15:02:00,0.72558,0.72581,0.72526,0.72561,SELL
2022-04-22 15:04:00,0.72562,0.7259,0.72556,0.72561,SELL
2022-04-22 15:06:00,0.72562,0.72588,0.72562,0.72572,SELL
2022-04-22 15:08:00,0.7257,0.72616,0.7257,0.72601,SELL
2022-04-22 15:10:00,0.72596,0.72599,0.72539,0.72558,SELL
2022-04-22 15:12:00,0.72554,0.72554,0.7253,0.7255,EXIT
2022-04-22 15:14:00,0.72548,0.72553,0.72494,0.72495,SELL
2022-04-22 15:16:00,0.72495,0.7254,0.7249,0.72526,SELL
2022-04-22 15:18:00,0.72524,0.72524,0.72508,0.72514,SELL
2022-04-22 15:20:00,0.72514,0.72561,0.72514,0.72561,SELL
2022-04-22 15:22:00,0.72562,0.72585,0.72562,0.72576,SELL
2022-04-22 15:24:00,0.72577,0.72585,0.72558,0.72585,SELL
2022-04-22 15:26:00,0.72586,0.72616,0.72574,0.72606,SELL
2022-04-22 15:28:00,0.72606,0.72628,0.72594,0.72625,EXIT
2022-04-22 15:30:00,0.72626,0.72636,0.72616,0.72636,EXIT
2022-04-22 15:32:00,0.7264,0.7264,0.72616,0.72616,EXIT
2022-04-22 15:34:00,0.7262,0.7263,0.72586,0.72604,EXIT
2022-04-22 15:36:00,0.72606,0.72619,0.7259,0.7259,EXIT
2022-04-22 15:38:00,0.7259,0.7259,0.72558,0.72564,EXIT
2022-04-22 15:40:00,0.72564,0.7257,0.72547,0.72548,EXIT
2022-04-22 15:42:00,0.72545,0.72545,0.72523,0.72524,EXIT
2022-04-22 15:44:00,0.72524,0.72542,0.72524,0.72534,EXIT
2022-04-22 15:46:00,0.7253,0.72556,0.7253,0.72544,SELL
2022-04-22 15:48:00,0.72544,0.72546,0.72524,0.72535,SELL
2022-04-22 15:50:00,0.72534,0.72554,0.72526,0.72554,SELL
2022-04-22 15:52:00,0.72554,0.72554,0.72538,0.72538,SELL
2022-04-22 15:54:00,0.72536,0.72563,0.72534,0.72536,SELL
2022-04-22 15:56:00,0.72535,0.72565,0.72527,0.72551,SELL
2022-04-22 15:58:00,0.72552,0.72561,0.72548,0.72561,SELL
2022-04-22 16:00:00,0.72563,0.726,0.72562,0.72586,SELL
2022-04-22 16:02:00,0.72586,0.72586,0.72564,0.72573,SELL
2022-04-22 16:04:00,0.7257,0.72586,0.72564,0.72564,EXIT
2022-04-22 16:06:00,0.72565,0.72584,0.72564,0.72576,EXIT
2022-04-22 16:08:00,0.72574,0.72574,0.72558,0.72564,EXIT
2022-04-22 16:10:00,0.72564,0.72568,0.72526,0.72526,EXIT
2022-04-22 16:12:00,0.72526,0.72534,0.7251,0.72514,EXIT
2022-04-22 16:14:00,0.7251,0.72526,0.7251,0.72514,SELL
2022-04-22 16:16:00,0.72518,0.72521,0.7251,0.72521,SELL
2022-04-22 16:18:00,0.72521,0.72522,0.72508,0.7251,SELL
2022-04-22 16:20:00,0.72508,0.7252,0.72475,0.7248,SELL
